group,data
0,6.347329959605471
0,5.3917483339803915
0,4.045715583980692
0,4.457297480282164
0,6.379978180660512
0,-5.0351951728199635
0,4.630003038040048
0,6.747805157392108
0,4.119016131169001
0,4.646113616039703
0,5.2824668621534565
0,-3.761350244936734
0,5.217310032234202
0,-0.4688769494088753
0,-0.7056441650490957
0,1.3451730391287446
0,4.8402125981568975
0,5.545099523630918
0,5.349024562114933
0,4.564998320754865
0,4.001744588294933
0,2.2685112474109737
0,-4.547444445909764
0,5.615868508663594
0,-1.459156276627936
0,5.988092246132776
0,0.1865428431513443
0,0.29082453956242665
0,-2.5350660981789965
0,-0.701415439577819
0,5.8689395066167105
0,-1.1313734563542381
0,-1.5014206114111
0,-0.23854313637145394
0,0.5362410204152782
0,-0.33131105883530526
0,5.72148437635751
0,-5.144829496433078
0,1.2711175092422025
0,6.403909711666773
0,-4.82268270111245
0,-1.156655381906649
0,-1.3609142282364928
0,-0.31962377076510246
0,5.959255565954394
0,5.166680291145461
0,6.197773359133327
0,3.797806709020532
0,-1.7418316484086933
0,2.6697744825869583
0,-0.8885327191166359
0,-0.6524881745381027
0,5.004152907940717
0,-1.08117262547247
0,4.683997353740198
0,3.249731773794144
0,-0.7556556297869579
0,4.190766063325186
0,-1.6666348005408282
0,2.1126266591503007
0,4.189411953419362
0,4.640422246392931
0,5.2266269172525535
0,-0.027037262371578295
0,0.05067779290431197
0,6.0660983216234055
0,-0.7238935062522739
0,4.161739973853694
0,4.463227759443488
0,-4.978865140169087
0,1.6485131401436373
0,-1.6083404576572833
0,4.715835406559561
0,0.7003855190684658
0,6.617706560170258
0,-0.05151041078165721
0,-5.094025110901143
0,0.9543440354465004
0,-4.856628953344598
0,-5.36445705536521
0,-1.3954825288392079
0,5.805412217659289
0,0.02726863509427283
0,5.268670159189457
0,6.122657692427534
0,4.992536743101008
0,4.32866483890657
0,3.8833084089250645
0,6.560899742418548
0,5.66570904450373
0,4.700673895459412
0,5.883843169584276
0,5.776968359929188
0,-6.4041655220395555
0,0.29789354047937927
0,6.037758909991485
0,5.805861808585874
0,3.7999411865936903
0,5.333297420629804
0,-3.9716499268890244
1,4.996141312110241
1,5.160506830663574
1,5.208689185658808
1,6.1884140994014984
1,3.879266538998613
1,5.737087071292253
1,-0.6348865063256968
1,0.1765387490135098
1,4.648200123624154
1,1.2590687015088342
1,3.588388025748338
1,5.68401417137579
1,4.627486604608292
1,0.8277014820171473
1,5.1516285031549955
1,5.486903154984571
1,7.521908469921376
1,4.974431943089692
1,6.17815905636302
1,-0.29778890923119217
1,6.994734283276335
1,-4.3139479545138
1,3.121208451520824
1,4.845470039663718
1,-2.9866753468638305
1,5.331442287530231
1,4.666046015674121
1,2.4241055200376307
1,4.014279089688365
1,1.8375792460359661
1,5.435179294547762
1,5.475654600425494
1,-4.626499319161924
1,-5.76212233150555
1,4.371855443089719
1,5.358093288306203
1,-1.2871469056630012
1,5.165171550133166
1,-4.686485930258287
1,4.183286515891383
1,-0.35153899477512357
1,4.846025195883765
1,3.8194327645808825
1,5.483716276883909
1,4.592270085068983
1,-0.28582581571687493
1,-5.980341519770105
1,4.194458887989036
1,5.661994101928156
1,0.30483323118580574
1,-0.6813808052450768
1,5.369379065365992
1,-0.9914179788596506
1,1.0065868407280423
1,0.4172094669474422
1,0.07731776030976047
1,-5.075713808599756
1,6.052658731130974
1,5.681245042529488
1,6.414978474639369
1,5.756505110526223
1,3.8863506924391986
1,5.362433219198235
1,4.38823703924416
1,4.092564102270846
1,4.272627368253816
1,-5.8045929226589035
1,6.276949131471176
1,-5.320550655326711
1,6.409332898080782
1,-0.7540484946464487
1,4.707781302053732
1,0.3082984106517371
1,-0.9228074048657634
1,6.120982081489168
1,-0.5917175062858565
1,5.076768643445733
1,5.030870829121926
1,4.5599224608996245
1,0.8068792914921805
1,-2.1626308176447706
1,-0.3941257078931274
1,5.062916933004085
1,4.65941239851575
1,3.568451920163069
1,-1.557763053207554
1,-0.4593273006300855
1,5.3548458704651205
1,-5.127161897548531
1,0.03855979271057258
1,-0.06576839148024446
1,5.68915032662769
1,4.176489815166362
1,5.0324008464258165
1,5.624018611197279
1,0.34718936468982947
1,3.7082900114405826
1,-0.22254672870999614
1,3.764757523057023
1,4.433481299771616
2,-5.11599777514448
2,0.9575282188801773
2,5.450244865328274
2,4.7754527018739985
2,5.719878340119132
2,-5.414237082731759
2,-0.17433030376798622
2,5.552007635300133
2,-0.4692966958551669
2,-0.9078441288752707
2,5.698870111235714
2,-3.9508213594178616
2,5.206247259404868
2,6.272275032852633
2,5.698898168679943
2,6.492320048166436
2,0.9227992056027474
2,6.85058162214583
2,3.8137492538880933
2,4.315071213206807
2,-1.2541844990275832
2,6.345401699672285
2,0.9016258769045935
2,5.333524049678186
2,-4.135669109472781
2,0.968745371182583
2,5.054954780213813
2,4.396699651445179
2,5.943933656412406
2,-6.128599285827228
2,4.919820397277114
2,4.545173985126123
2,5.935351212658708
2,5.765930487032909
2,1.0892956902418773
2,-6.457586236604526
2,1.896401799131644
2,1.0963013239785397
2,4.734716444314476
2,-5.876620168347555
2,0.7314291859807075
2,5.356852550788404
2,0.6021990438411642
2,0.1610990034649551
2,4.655602135785506
2,4.734940491085085
2,5.0434562751748695
2,4.18351522590237
2,3.5356989574934636
2,4.488525705342824
2,4.462566951922466
2,-1.0223362027283736
2,5.163607122018755
2,0.7636213360056749
2,4.842506686819176
2,6.430783959572115
2,-4.627657664281824
2,6.086291563331755
2,3.5303405354583335
2,0.24308001332942566
2,0.3545069180359523
2,5.531542633773817
2,5.431125537016693
2,-1.9833881656993058
2,5.846105256381114
2,3.924512769532758
2,-5.479355599687253
2,-4.083844913197631
2,4.519443180689716
2,-1.636385848143155
2,3.3686326626199117
2,5.946689714428684
2,5.117150845365702
2,4.912838836021108
2,-4.771768107792975
2,6.448219332598654
2,4.864210449249893
2,4.871218913793546
2,-7.646132630638897
2,-5.304808295155024
2,-0.682341534968419
2,-0.8041835423638704
2,4.31688885833116
2,4.660025448899867
2,-7.287123405270895
2,-0.03332944637315485
2,3.9350127875022824
2,3.9256114691071167
2,-1.6447458925887692
2,5.915237790611226
2,-0.9756625504733514
2,-6.38368021514426
2,5.5880760093289075
2,3.3930505985474153
2,4.080046569013057
2,-1.2764567860959297
2,0.6732740609184618
2,4.2762678398535465
2,0.3413976233261567
2,3.438887946159263
3,6.607867512886497
3,-2.2072568977784077
3,-5.644358997103478
3,5.2878930371976285
3,4.528736015455033
3,6.111835503718475
3,-5.412457938609857
3,4.954317301675134
3,5.020716601874475
3,4.882194725464771
3,4.784587031713784
3,0.25714574791083455
3,5.136548504502989
3,3.8997351578757637
3,5.809923353399867
3,0.4914570535723472
3,4.121559824199867
3,5.588761388979448
3,0.8853413793813565
3,5.138913802703833
3,0.43511205491085936
3,-4.82881642006365
3,0.7204338602027908
3,-0.6399041547948713
3,1.1603529160023218
3,7.581011391678722
3,5.244154858077085
3,-5.226470827950274
3,-0.07276051668412804
3,5.1272056275413105
3,4.421585493059732
3,6.277825585918674
3,-4.903824516288313
3,-3.8884610004433746
3,7.858980619675041
3,0.6350706908372943
3,-0.19495813172309664
3,-5.143962121591383
3,-2.3802186913265944
3,5.368348136288844
3,5.436037710641277
3,5.263070599090649
3,4.976733465890092
3,-0.21778555803580668
3,6.794981129363772
3,4.535446089105557
3,6.187336507185393
3,-0.31010593591715274
3,6.248565330820817
3,5.856200525968118
3,0.6608361576148813
3,-3.6011587490936603
3,3.6510391679617333
3,-4.141107758291164
3,3.5436649866621677
3,4.181582794369962
3,0.34253934540649306
3,5.540769423565092
3,4.806310594150322
3,-3.9716114901739457
3,-5.035158326883087
3,2.8956944561456415
3,0.49192319400483286
3,3.7455221154278915
3,4.315310788057619
3,4.436743140881827
3,4.805263637138535
3,4.007629906567561
3,4.597264150771195
3,3.1524336773379464
3,0.4055139995912012
3,-4.9326951150571
3,-5.670618500502653
3,-5.739696008020097
3,6.182270645447204
3,5.003908533385155
3,-5.481392194222827
3,-4.759171582979544
3,-0.8602154558116054
3,3.5954034307042306
3,-5.2078383768863805
3,2.3154477367515915
3,-4.575766065317271
3,-8.329712590532992
3,3.98208008555131
3,0.41713475772277975
3,2.176845734519955
3,-0.6571597073132429
3,4.601437523526104
3,4.721441392454244
3,-1.6658024871800505
3,5.3809909084533825
3,4.688420792122251
3,-4.8294736761791635
3,4.835859487646354
3,5.006606080503297
3,4.779158677468378
3,4.191726282693264
3,3.853057727857809
3,6.576442260038674
4,4.766848926612149
4,-5.469491716195749
4,0.9351342467435214
4,4.668736105720662
4,5.4697026790817
4,2.9883694302838215
4,4.931863700495348
4,1.2245891494568093
4,-3.790935839808096
4,-4.308207378928806
4,5.149720200522925
4,5.339546201277226
4,4.390653846169349
4,4.769998317052722
4,0.22304594789162727
4,5.611781681118465
4,1.1827918327762883
4,2.4709519789038623
4,5.980257358473534
4,3.968384886121249
4,-0.02545068843313358
4,1.1831240095081028
4,-0.34978665975841666
4,3.7169415061946145
4,-1.0639451967977476
4,5.043490852398891
4,-1.223332292794044
4,3.442789380906011
4,5.019747120049485
4,3.8117855018265256
4,-0.05102966934724521
4,3.606576479803449
4,-3.9022602728819296
4,3.1728115321772505
4,-0.06437466401388889
4,3.83102342095751
4,3.3021842901333733
4,0.989020223805288
4,5.36429784340219
4,3.1608922095974465
4,-5.024522118433682
4,4.990748107663239
4,-0.4031768896609019
4,-0.2012490765062367
4,5.129761658962998
4,5.717870052548002
4,0.5866530062964335
4,4.361763763523662
4,-5.31935985480171
4,-0.9195625721738091
4,-3.0433775985186955
4,2.5549902498261954
4,1.1730408564390558
4,5.429759297455108
4,1.4442649825669274
4,3.620052999991833
4,5.424149831327836
4,1.1140385801869765
4,1.179594066681442
4,-6.58097686050919
4,5.09587841031119
4,5.718965562234758
4,4.585575455860667
4,4.9225427718664285
4,4.5072477596986475
4,-4.388006445761825
4,5.751002004845038
4,4.767091720003805
4,3.9815654114228436
4,4.346942315259412
4,5.439228747192865
4,3.4906725446570106
4,3.7276515389980656
4,-5.581961684592696
4,1.4819176658592486
4,0.05065120008595284
4,4.351387792207926
4,5.9710405276715655
4,5.736718811618218
4,0.3949428409844222
4,5.058932740516154
4,6.129553693534762
4,5.711606232680822
4,4.964970332945684
4,-2.6179485398790243
4,-4.552466415774114
4,4.3021355521070435
4,-5.9583406352296535
4,6.04373311558586
4,-6.3547929123969285
4,5.0713462237727205
4,6.831593784952988
4,6.031033106066983
4,4.930556695548136
4,-4.743658217161936
4,-4.703356924662252
4,-4.450602635233477
4,-0.9275589457825717
4,5.769426808161112
4,-5.790603462326817
5,-0.09696237899827322
5,-6.819773894474451
5,5.443371624704164
5,4.988123037711951
5,-6.307950178526398
5,1.3345825789223609
5,5.327546050233172
5,0.28018388065822725
5,3.2544154447002587
5,6.494492205734286
5,4.094068481534516
5,6.634563319346156
5,5.161996353806944
5,6.240844716676846
5,6.186991287541499
5,3.7387858694091918
5,5.188150493961175
5,5.529400372994125
5,-0.31334402886347423
5,0.49455187557913605
5,1.1166007531106314
5,-0.05077891973917751
5,4.0892300612693635
5,-1.8750312061848726
5,4.261491467839458
5,3.936220872983263
5,5.745876835222278
5,-4.158465124764836
5,5.361096113806097
5,5.560804663226197
5,5.846518089427111
5,1.1005923393897696
5,5.107463151894867
5,-0.21176224234444677
5,6.021211562315247
5,-4.289518115565412
5,3.108006197906655
5,1.554983282680613
5,5.7518473297974975
5,4.528209132120316
5,5.469033140584139
5,4.823221538314187
5,-1.8821925745448393
5,5.2773832939645
5,-4.191087441250796
5,-5.319143436159763
5,0.9821443324811739
5,-0.16621310969563288
5,5.030296789868759
5,4.916675339501286
5,4.345973147518478
5,-4.287547691311333
5,0.13780696567627107
5,3.353630965607604
5,5.027823650662767
5,4.619334640515791
5,-2.557148200805631
5,4.268154743022058
5,-0.9938605501948189
5,0.022514770753012146
5,5.998395732287295
5,5.4886398218149255
5,5.3398474909941696
5,-6.057935109746522
5,0.7227724625834705
5,-1.7923217898563593
5,5.0455446033922025
5,5.666366521985035
5,1.4834583271853772
5,6.539351958173002
5,-0.2688982824710622
5,-0.6183456321531313
5,2.74714411888094
5,6.974705205585674
5,4.794296329903837
5,0.39412242977471273
5,7.16466571408867
5,6.168912307740435
5,4.050926387984344
5,1.1838464940034676
5,4.045200147495831
5,-6.127463388626236
5,-0.19681368120806525
5,5.429402509475562
5,5.8275825585468155
5,5.339225478774937
5,3.523287360480583
5,-7.996184942483138
5,0.22891385884872342
5,-7.241884610025158
5,1.9730392428465946
5,-1.0354916978998203
5,-4.463437293808299
5,5.351668670786745
5,5.691011638797371
5,6.344094596311074
5,5.921076355438793
5,2.9282318314553732
5,4.352065120131453
5,0.9261493465465058
6,4.882094889311785
6,0.06427859709219723
6,-5.060147776494563
6,4.861084153307998
6,4.536630071240949
6,1.920058308741044
6,0.8418287504367612
6,4.289721340695504
6,6.432921435468098
6,5.534907235821562
6,-5.170680320607952
6,0.3829429067325791
6,6.44161121202374
6,5.889514032880322
6,0.36322367645045167
6,6.588365538421532
6,5.153521357335117
6,4.302181924383726
6,4.64943789167784
6,4.859079755224451
6,2.5296872273315283
6,1.2967146059942358
6,5.318435702636539
6,4.995236544410856
6,5.032924923431207
6,2.7723981907494615
6,-4.231648274592238
6,-4.590617604537554
6,-2.4118727060451577
6,0.32642426061751106
6,-0.46092450435812504
6,4.628634867242541
6,4.2037247385188685
6,3.741506770150698
6,-3.9856226526984138
6,4.501834979653589
6,-0.13473603838372833
6,-6.263065924816606
6,-0.4420726810456714
6,4.562021986360052
6,6.165776700444849
6,1.5919527983015611
6,-3.9260514162319855
6,5.219840382051593
6,-0.8418153398242625
6,5.163556923860155
6,2.7665923226630458
6,5.55905116571954
6,4.600496868672853
6,2.894622347084162
6,5.038931268676429
6,-1.8864991625547285
6,6.382828698429474
6,4.576063275665219
6,5.66864859447002
6,-0.17341738793580594
6,3.664404285826172
6,5.011031935843082
6,5.8378141383171505
6,-3.813805522577641
6,-3.9082468817381626
6,-5.124640861241617
6,-5.4382202554249215
6,5.053888662786628
6,6.779210383278088
6,-2.921567097408761
6,6.3523252507041565
6,5.618031921511395
6,6.88160985792063
6,6.243455022752611
6,0.558550220875308
6,5.30746836882767
6,1.1034567979280103
6,-0.351346867890627
6,-4.696700708715233
6,5.298822384652855
6,0.11427370775330936
6,6.29488698958901
6,3.629883241435489
6,-0.07205815553491268
6,-3.8983609558667283
6,4.359009762156959
6,0.7013346016005024
6,4.944130965766193
6,4.970134050722318
6,5.391795051997054
6,4.814778036072613
6,4.168311506220736
6,-3.8099549809824804
6,6.419648467754865
6,-1.4036427989065436
6,3.9600034101643637
6,-4.931629394845058
6,1.5366616362004648
6,-1.2424840817599212
6,-0.06862385309190548
6,-1.6296115184713256
6,1.7307647969726876
6,4.603489502364901
6,-0.715337954476743
7,4.383317381831032
7,3.6974541025915237
7,5.577853388336066
7,3.7809835132647573
7,3.3230963588918043
7,6.785541319864873
7,5.6467910787993985
7,-0.8434550265651715
7,4.800541269549253
7,5.171043892631503
7,6.479154564868585
7,-3.7277044664066867
7,-1.1193088894872345
7,5.685546259383479
7,5.962284725660374
7,-4.701212749062261
7,3.1849276436400125
7,-5.347220754339174
7,4.960712275015689
7,0.1273660339758881
7,3.9564738824316037
7,4.834505405327537
7,6.3399217555668645
7,-0.22192311591976796
7,-5.648445090835354
7,-3.7787084031973146
7,0.031131449952642633
7,4.889338997108532
7,-3.137809477127829
7,5.669115036407432
7,2.46148682417555
7,3.459383930519248
7,-0.14360268854181915
7,4.998489088599514
7,-6.613203398082812
7,2.747802966487407
7,-1.1879525057915872
7,-5.06295004533862
7,5.575365807339663
7,4.289945266652505
7,4.5719448776729035
7,1.5373301521542375
7,4.259369591141175
7,4.249987543520883
7,-0.19375780187695005
7,-5.329643612347129
7,0.9079808195676089
7,3.0415271919762774
7,4.918182376180801
7,5.200079546792281
7,0.7118208640531001
7,-4.112508917459047
7,4.28591212360629
7,6.120390795014175
7,-0.8958340499178096
7,5.395169335019363
7,6.571493860487041
7,6.8236113052401945
7,3.9664858823911615
7,-4.411004179594165
7,4.9492072374892535
7,-3.9181128410695933
7,-6.878519355105306
7,6.4508790850811835
7,-6.085556816208207
7,-4.6575702576590965
7,4.672569613928461
7,5.898340948216772
7,5.19444708618694
7,-8.46023744377972
7,4.992509533096893
7,-6.54248571386929
7,4.055119455388728
7,4.6297386060077415
7,5.639420497704996
7,4.322959604431975
7,5.392028455000999
7,-6.244174817641291
7,1.494418631791625
7,4.471668386726888
7,3.172555005465642
7,3.7878028026363477
7,-5.301000993568582
7,0.11682966752677415
7,3.738687475535557
7,5.157853882931984
7,-4.695109829764
7,4.2156160610030735
7,5.000979303659838
7,-4.793212158664717
7,-5.300768565888916
7,3.489826346230129
7,0.8505628011043744
7,-4.805815546431386
7,2.3626695917146336
7,6.064877300638706
7,-5.069632849963447
7,-0.23012729890870887
7,5.474820770562308
7,6.2542342929282775
8,5.006537598868904
8,4.109609828574028
8,4.503976599089179
8,5.39042036855607
8,4.659761641796742
8,-4.951194672925958
8,5.07614307049971
8,4.527786019256451
8,5.698090571890733
8,1.3441688524868254
8,-4.862325233552296
8,-4.7208842440305006
8,3.5886325739543485
8,4.663050530044215
8,-1.0674999770734745
8,3.6621513170220346
8,0.08150191250991115
8,5.626115697693706
8,3.206921433479617
8,4.544899750270463
8,-4.219637603181788
8,6.147811099319911
8,-6.652026458222842
8,5.301817485457099
8,-0.7285469817979279
8,1.0233110673968044
8,-3.376621278333843
8,4.778711244216488
8,-1.8588523883115666
8,5.712874617834642
8,-5.217503270432466
8,5.1097547278776005
8,4.926037160476717
8,-4.82269995885278
8,-0.21409997334250075
8,5.242691537146198
8,-4.559650353730141
8,5.348444413699617
8,-5.356456088521164
8,5.543455935825542
8,-5.739901503933149
8,-5.406121968645623
8,-6.882790723115955
8,-0.9715249878149558
8,-5.087163998027528
8,4.471807616378042
8,5.841493860584316
8,3.063031645121998
8,3.6626883645226087
8,5.766767289134167
8,-4.721178694245981
8,4.383941855608003
8,3.184750324405483
8,4.457943774708987
8,6.445595562660042
8,-5.029349524029684
8,-0.16175782952453635
8,-5.225714824245484
8,5.154498103613792
8,-4.386812406563387
8,5.57071902049502
8,5.652213845825719
8,3.7395792107178862
8,3.9557356505484194
8,6.190250615847739
8,-2.8959656391233937
8,-3.6124944954824896
8,5.575320151469134
8,-4.967822776381727
8,5.326678567191973
8,5.839857548678589
8,-0.8889126845803714
8,3.490861679448186
8,7.514003508276147
8,0.7471315795279475
8,4.998253146970027
8,0.19735705811012702
8,4.426157952998644
8,-0.6323007035637183
8,2.72185052135754
8,5.463401811563087
8,6.186486117999301
8,-4.380728868444251
8,-4.302650832706037
8,4.083889766956684
8,-0.009502640797170074
8,4.68328554549938
8,4.551703117574883
8,6.224251671848976
8,4.623589229138703
8,0.21215949998797703
8,5.430792382759231
8,-5.162408543803037
8,4.05297261496192
8,2.803035380800576
8,-6.3327413338035035
8,5.743301727990282
8,5.480404111311398
8,0.5231558614398225
8,-5.50963494382664
9,6.501690036078012
9,-3.6600690443503012
9,-4.8466786344728385
9,-0.2976413521237877
9,-1.170604993232324
9,-1.5226853695428422
9,5.139816989736898
9,-5.158251732521686
9,5.478378452084554
9,2.8915763527274634
9,0.7795517642472509
9,-5.535634485057908
9,4.634552474752528
9,6.540115094267197
9,5.835440702113751
9,5.466381067766616
9,5.609491606032796
9,4.351028977867411
9,-4.699704164374378
9,1.4884582408207798
9,-5.596703881797934
9,-4.2091276628205225
9,0.26016813268836647
9,-0.007467362439905358
9,3.1381372554753364
9,-0.9965468708689742
9,-4.882558739081232
9,5.041305577234646
9,0.4532946753200558
9,4.395883045782096
9,-0.38959244654052944
9,4.238411675313034
9,0.05665388310133214
9,0.21839823198694133
9,3.7969420830826337
9,5.772270877264149
9,4.563252873072592
9,-0.6038349229407408
9,-3.9990023678002458
9,4.888299089642976
9,1.2474986467684916
9,5.549536810697408
9,5.799218758245217
9,5.260606123144207
9,7.730038736453855
9,3.8616052104068803
9,4.605891677307013
9,5.127899268156512
9,4.729451369684995
9,3.8565703466666017
9,0.8079766259111394
9,-4.310832400421077
9,-4.761052328363118
9,3.9687859387467936
9,6.245359178933852
9,4.180295428419179
9,3.1648387554744355
9,3.494537770012181
9,4.104743685255475
9,-4.805969565075347
9,4.832708073195515
9,-5.199492646576444
9,4.976044775465096
9,5.0946513471784245
9,-5.299934253539605
9,-4.268402370313891
9,-1.6486843186119235
9,3.948422689410185
9,5.05401689467234
9,5.810680010403008
9,4.331918574502957
9,0.5929671856396781
9,0.6375781351564984
9,-6.252591951268167
9,4.691196931955131
9,-4.631523060781539
9,5.052938924155175
9,5.530265138238594
9,4.071745384251605
9,0.43555444231268525
9,5.707404214805602
9,5.409087255022681
9,0.33636534014213043
9,5.920875070320117
9,6.592650177791482
9,0.48074945994074586
9,7.509794622995034
9,4.490792803319743
9,-6.483348696913924
9,5.189982509060482
9,4.37898486031668
9,5.63651404596656
9,6.062953541876158
9,5.321799576527446
9,1.6535203686654378
9,3.783007376796059
9,4.240154475265345
9,0.5020835074220499
9,4.768903381216285
9,5.085714189770118
10,6.004382296665395
10,5.5414194006845925
10,-4.0692803341104895
10,4.562058269655772
10,-6.794845551798646
10,-6.024484511938839
10,3.8317192055583007
10,4.816346849439547
10,-6.217713448043829
10,0.9909633929106072
10,4.295199526911063
10,5.10986997629641
10,5.598009372284202
10,3.5637972712293715
10,-5.710968114338037
10,4.016664907421916
10,3.912633467243748
10,-4.906808524696554
10,5.2424227555787235
10,5.180618261258961
10,5.518180440633001
10,3.421562360386507
10,-0.030730575599776877
10,-6.374935089374335
10,4.8478302631832175
10,6.513759959694484
10,4.099527244334654
10,-0.4790501209243524
10,5.035818498088894
10,6.2673863514792645
10,5.854340401359225
10,4.466991844032843
10,4.88387625774692
10,-4.396492902400746
10,4.88658030862808
10,4.299348722428864
10,-4.4918819828989
10,4.529314996895507
10,-3.5037750968808563
10,-4.489411804936383
10,4.755753542569299
10,-1.2935171364733693
10,-4.606706982995049
10,5.31708050473363
10,4.184780649472649
10,4.972736168784523
10,4.809199406451275
10,-3.897925437923428
10,5.362597358014514
10,5.488396812270763
10,-4.165225052489822
10,5.648916410336438
10,-1.8034014992402874
10,4.725372369734183
10,0.4400449504448719
10,-4.048266158834026
10,7.568920943914103
10,-6.636394973902101
10,-5.184347655304931
10,5.9911077769892955
10,5.856737659958393
10,5.0099420009297155
10,4.989955082268971
10,4.280316516838781
10,-1.7205934105317329
10,4.652696997848201
10,-4.811986760977232
10,-5.160293244505071
10,-1.154163035859002
10,-0.5167207914054023
10,-5.393062697872883
10,5.5064944863514445
10,-5.5252781082945015
10,-6.1149558971970706
10,-6.281183154169013
10,1.8624924403786374
10,4.495734731282194
10,-4.289693666626697
10,-5.058036189258967
10,4.244086884234339
10,0.5879726862871745
10,6.231876075839302
10,4.959355159628372
10,4.838303860003098
10,5.366037495555009
10,0.039831343294154775
10,4.119351119482438
10,6.3561961304737995
10,4.474383919279977
10,4.0958604847312
10,4.254095436440561
10,4.804954712200452
10,4.1093456675939395
10,6.072321584049683
10,5.676292823964174
10,-5.078767486858063
10,-5.510589031321967
10,4.396565525225894
10,1.5088924174715248
10,-3.781993995310769
11,5.915205794777845
11,-4.594117265934726
11,-4.084938985195334
11,4.67413027316188
11,-5.628647424300104
11,-0.45169709106051364
11,-6.85500492041396
11,-3.897179870002443
11,0.31158506955198867
11,4.475286374999948
11,-4.655553461148302
11,5.855906331625368
11,0.36356742298425954
11,4.221436458145515
11,-6.456994782207449
11,6.874951962872281
11,-3.876398407545368
11,3.6950198412457707
11,4.6657279381914725
11,6.008042178143059
11,6.073615897999021
11,-4.842129953744114
11,-0.7381886746324667
11,-6.47173173824029
11,6.370883198167794
11,-5.908130023185316
11,3.6215990067971466
11,5.265639606425027
11,3.4605905606440093
11,4.109475827819174
11,4.822128613837498
11,-5.639207073426973
11,-5.7613954206967
11,4.392393705079528
11,6.925185496078948
11,-1.7877707106747163
11,-3.7673015388929736
11,5.135354919337556
11,1.6042507336479555
11,-1.3763129020902127
11,4.9301735964529625
11,6.463280006358798
11,-4.140168444876783
11,3.6315214333217276
11,-4.766844809808369
11,5.8151116697765834
11,-5.068017318973555
11,3.552704371585662
11,-4.585683480847695
11,0.6792612778533537
11,-6.455541773001571
11,5.309916916884631
11,5.6037933896137595
11,5.161033439271952
11,-5.990921638770121
11,5.831535150533346
11,4.151662058348152
11,-0.349112808599943
11,-5.6680867310997645
11,-3.501222481099264
11,-3.5698835432162834
11,-3.0503525353527783
11,-4.301388407715356
11,-4.953425679611439
11,-4.180005833450332
11,-4.9701431510440415
11,5.57923719900182
11,4.905044679442816
11,-4.36020436962602
11,-4.040833007631319
11,-5.106917563321024
11,-1.1795969731644178
11,4.534821613720203
11,-4.111088093120226
11,4.678351067300165
11,6.333574616903964
11,-6.018384720246274
11,4.854860406106338
11,5.974026164466252
11,4.300852879455988
11,-6.358721094350468
11,-4.661230365127932
11,-4.641593804599152
11,-7.032241798517011
11,-4.777184533217055
11,3.4351813069116464
11,0.12464437587440944
11,-5.398089197488863
11,6.191766086279575
11,4.261591463079141
11,-4.4057925866243
11,0.005202981308956313
11,-5.0305610928220625
11,6.072482373817939
11,-3.958537192621368
11,5.636829992077856
11,5.793159639726744
11,5.361367688330592
11,-0.3982059653271311
11,3.8324504885200636
12,5.042891900760185
12,4.69745811339067
12,-2.992598682283224
12,6.192862662560766
12,5.552184210788606
12,0.3391903488820045
12,0.7932396798604356
12,5.759370079444886
12,5.498842248787446
12,4.232466437308012
12,4.658904673621785
12,0.3086114894475466
12,5.358194672112376
12,5.028316496205791
12,5.476714312501983
12,-0.5479496118039152
12,-1.4686245760623275
12,4.2547733630775655
12,-4.539971013325755
12,5.094323849355408
12,-6.098364372795833
12,-4.316052026846677
12,0.07835508450572702
12,1.0433641349990652
12,-1.285748355835007
12,-5.277329105472136
12,-0.11719307014393164
12,4.109658401681421
12,5.865059100430331
12,4.113944625662342
12,5.758234773457652
12,3.6560367063104913
12,-5.4825933136853315
12,6.180593398834736
12,5.349919560282839
12,-5.709196857570127
12,5.184274615647074
12,5.002450812258309
12,-0.1590110030090107
12,-6.189030372497386
12,-4.4552256573711
12,-4.926853498705359
12,4.713329767582227
12,-6.0163852132093
12,-6.393534899151767
12,4.46784682237646
12,-7.9366593432828445
12,1.1148941157634455
12,6.324458142224146
12,5.294456596318974
12,6.8184281229446855
12,0.4721509123929455
12,0.9703360362896726
12,4.877344349759775
12,5.525322105685142
12,-5.345419541081743
12,-5.340620359982157
12,5.860184949886638
12,-4.090510929156691
12,3.8853603397615672
12,4.829803690701433
12,4.504369352248477
12,6.387222051819672
12,5.541795230733063
12,3.3986722698423852
12,5.192313585637154
12,4.42459027595775
12,4.197856892588099
12,6.072978711296897
12,-0.38449445957483364
12,6.403280499800739
12,4.498576031698292
12,3.4692100099518193
12,4.100746992391285
12,4.483157687428327
12,5.088576422412808
12,5.065894077034245
12,0.34213628690534403
12,-4.91702245979104
12,4.090585681978494
12,-3.629119616207563
12,5.329535559779652
12,3.2759942425226107
12,5.895281163930149
12,-0.20239409750287843
12,5.607312168268599
12,-3.262035216693266
12,4.569429090494769
12,5.518768518393283
12,3.5507505208587955
12,0.4317126940754848
12,4.890041898032839
12,-5.48269176647401
12,4.52108816887268
12,4.388817545049723
12,4.424521405631861
12,-4.39922197673066
12,5.355822825677783
12,-1.8440753419565465
12,6.235977278627336
13,-0.27875588794496314
13,4.587768717458616
13,6.149638318536395
13,5.013013781005949
13,5.3422798142280605
13,4.352606690934823
13,-0.39808254658417136
13,5.438201734409818
13,5.8167875573045125
13,3.633961792940394
13,5.059442439027644
13,0.035953330020917725
13,-3.7847876574220716
13,2.3100422193208603
13,4.138523718787724
13,5.6022229766457645
13,5.773546218056308
13,-5.407711592660929
13,4.468705798473024
13,0.579403136959135
13,-0.33342722811596254
13,0.47746732072757414
13,6.366889678799411
13,-0.5945093365498548
13,4.550221539790682
13,5.043693741446995
13,-0.1555574972896352
13,4.913853435034555
13,0.5021054911879099
13,-4.863509005593838
13,7.357432007319009
13,5.518105750149078
13,6.310820008247109
13,3.743367981084156
13,-5.570852259872251
13,4.7629721889556675
13,4.480078847047659
13,5.101173247207565
13,5.705412302063969
13,0.1655008836846242
13,-3.736738311897891
13,5.057784445484514
13,-5.158374562779335
13,-5.775473386010352
13,-4.586770840983046
13,-6.27832950621257
13,4.809158867484761
13,5.196923235321862
13,4.166627301524732
13,-3.913145153663664
13,-4.893631435083185
13,5.122307373018961
13,-6.173662237237701
13,-5.040132440193911
13,5.051117646971966
13,-4.64669038285612
13,-6.324589566294674
13,7.566580175560906
13,6.032994135043622
13,4.645507918845763
13,5.823852735911693
13,3.619326614638018
13,-0.5366871061710429
13,5.084119212155453
13,5.282624210664992
13,4.780630144052713
13,-5.573545034033977
13,4.654413382737305
13,0.00510696211518746
13,-4.833203953015389
13,-6.235030209640371
13,7.7400208734989615
13,-4.133836492223416
13,1.5012527516025738
13,5.415666072931471
13,5.779475804405904
13,0.26289183479670475
13,5.55184066897278
13,-6.797717307275871
13,5.606609263643286
13,5.903436319651723
13,5.038519364703318
13,5.68980039800716
13,-0.8749880510766225
13,4.283056389279728
13,4.783593432185948
13,-1.1896269153985146
13,4.445429610848787
13,0.27364533686383297
13,-4.801665817166263
13,6.172670479430931
13,-6.847790387076129
13,4.573289696185711
13,-4.894592958929782
13,5.647913984398652
13,-0.5929957994419016
13,-3.8681004615984174
13,-4.176642940942475
13,6.715632470460103
13,3.5128259529276296
14,4.577489604030071
14,0.022310346828543676
14,-4.183211189907619
14,-0.25364438538429745
14,-4.749933298305934
14,-4.527276430124513
14,-6.838547319264405
14,3.571525442789017
14,0.7681827957977153
14,3.8585964916989455
14,5.098759932464976
14,4.0593791784800235
14,-4.225658202865413
14,4.977307696154678
14,-4.784423888812762
14,4.961942506764988
14,-0.5355999808378772
14,4.4242654326402695
14,5.631937961247259
14,-0.07964761102634435
14,3.9300878416392866
14,2.8761943373921106
14,-5.204371738856812
14,4.649354139467441
14,0.17625901817672773
14,3.1300796533498625
14,0.4904112570843173
14,-4.7148808767300725
14,3.864596620270146
14,0.10271103309521425
14,4.743658315552451
14,2.6585201263057066
14,-5.906141930992655
14,7.078107373668019
14,5.541011960819507
14,5.677299252362249
14,3.897886490765953
14,5.513301221074129
14,3.0909049304050864
14,4.943405378445067
14,5.273141719202137
14,3.3184873925300105
14,-0.5571848665830095
14,5.8795137909024255
14,0.35639217348525987
14,-1.4169759053868674
14,4.498980802955308
14,-5.853332033760615
14,5.451874139952351
14,-4.037669087504376
14,-0.05911679273942982
14,2.399193156474306
14,5.747535537064243
14,-4.472054456612374
14,3.646997469963784
14,4.358428833824105
14,4.231072828662216
14,4.805925345804059
14,-3.897991452988989
14,-1.0027254835386914
14,4.102952355082567
14,6.422902431809429
14,3.9897873465705507
14,5.409919936189495
14,4.99609079068191
14,-5.548946617394462
14,5.413962453596743
14,4.290689697923126
14,6.266480188265918
14,5.194132324408986
14,-2.4369898662273837
14,-5.051071558169845
14,5.828748309558504
14,4.773734122342887
14,4.028989408660959
14,3.958416680688215
14,5.735764985238688
14,6.3141393469096005
14,5.172270379253261
14,4.761031576899029
14,0.31915194176204675
14,7.327670004358203
14,3.5726717838815407
14,-3.686326257828677
14,3.7778304144718113
14,-2.772390787423907
14,-5.395708335449373
14,-1.671698386652822
14,-3.6601780176701553
14,-5.039838446930341
14,6.532267822014389
14,3.995003785904192
14,-5.568393025716422
14,-4.9674588379661335
14,-4.471082116236222
14,4.726948007046694
14,5.7547048299930506
14,-1.5910035776835765
14,4.550763390625664
14,-6.491746947449598
15,5.185269831960092
15,-5.389305199292556
15,5.749410182801901
15,4.357445421603636
15,4.30022455399258
15,6.5439889525300625
15,-4.214492744505494
15,5.82458245282392
15,3.3867354959350027
15,4.468517741571006
15,-5.308721953442404
15,5.726007919622587
15,-0.7293934330529324
15,4.510235433193663
15,4.127145953724957
15,-4.4404323137238695
15,5.458242351737474
15,-5.433098897099078
15,4.296125376394135
15,-5.960703647916678
15,3.553368556089371
15,7.056754819317397
15,4.837923762820027
15,-4.811906136653348
15,-5.537790201026446
15,-5.928338456342316
15,3.2867890189696745
15,-5.81581936672365
15,5.158907558061929
15,-3.9670058085583824
15,5.013099872998873
15,5.379943592316989
15,-1.3715326379874548
15,5.053269154077047
15,5.025865948041669
15,5.731953117435933
15,-6.000526114131431
15,-5.593090205929412
15,4.63150917082079
15,1.79872350739784
15,6.302554132178282
15,4.7407715353672355
15,5.2991436498783555
15,-4.677286452143398
15,5.097941797107322
15,-0.896537046786915
15,6.688260879065044
15,-4.695815415215571
15,-5.0938881717915905
15,-4.951969083870103
15,3.187133410134068
15,-4.315906092701244
15,6.306651917294602
15,-5.4390150353233775
15,-5.596375488772585
15,1.737725768667714
15,-6.61733477684073
15,5.833392349358806
15,6.311319526102123
15,7.523662829263721
15,-1.9628694424322206
15,7.021245644791932
15,-3.1990266434180183
15,5.253602808629678
15,3.2432213717841276
15,5.091630144597359
15,2.8946048614492708
15,4.361529752999433
15,6.201145912189893
15,6.200557264183818
15,5.5419263520337845
15,1.340569447058178
15,-0.29168513645823285
15,-5.25268758565687
15,4.396597138331387
15,5.1937254127451515
15,3.4815833601472614
15,-3.7186621984612884
15,0.2877488040654284
15,6.505569578396686
15,5.371032324282276
15,4.152838532758494
15,-3.4073457520593733
15,5.529854228394279
15,7.210073930148912
15,4.46257663549327
15,6.025494647976442
15,4.655520896075206
15,-4.626010166148918
15,4.6716687391914204
15,5.510958176143986
15,5.690911613062477
15,3.466684586240288
15,5.225539310893612
15,-5.482717595552879
15,3.8111332314212856
15,3.8371717571035173
15,4.8003844548531465
15,0.6965723378439482
15,7.257423168258549
