group,datum
0,-5.328415724662676
0,-4.693849682840934
0,-4.773281277345339
0,-5.130388000238251
0,-5.1702307652779265
0,-4.146439874538321
0,-2.751588258440245
0,-3.5438806408881502
0,-3.983857415945671
0,-3.756451772911678
0,-4.091233861188645
0,-3.0335557105438418
0,-3.040700734533015
0,-3.7058977964354796
0,-7.260969367999575
0,-2.3100071288666175
0,-4.224060595362594
0,-5.735279159911276
0,-2.29652034444917
0,-2.5338820584967894
0,-5.26990203171794
0,-4.331098493793576
0,-2.4073526908801925
0,-3.4102878438325703
0,-3.2821306613680603
0,-4.588063926718128
0,-3.1287038046765154
0,-1.9457869628851356
0,-2.4201406012686633
0,-2.467747373143591
0,-5.258977427528146
0,-4.094020849781593
0,-4.896295417901284
0,-4.0852425179147005
0,-4.726064610370474
0,-3.583641703384999
0,-5.468854227790814
0,-3.3926779536295544
0,-3.4664254818177764
0,-4.039122443794611
0,-3.2457994168438757
0,-3.2639198460585774
0,-5.518636294468451
0,-6.865319601759202
0,-3.940658011348651
0,-2.8463010443026473
0,-5.077932666543983
0,-2.7655211975792757
0,-3.128352447700755
0,-5.1656158316741845
0,-3.0089128173002626
0,-4.313517794001815
0,-4.532696003650362
0,-0.9509593929093856
0,-6.641670487144892
0,-3.8384745596215453
0,-5.062249699514472
0,-4.053325451586635
0,-4.258466121102096
0,-5.007196359859549
0,-3.7081144499674905
0,-4.638565777545431
0,-2.7541487264225752
0,-3.061866490508304
0,-2.56004410653814
0,-2.534203184181851
0,-5.119378709310645
0,-2.5604465724831087
0,-0.02129400654286906
0,-3.9067558905011093
0,-3.364019465641893
0,-4.414324988255487
0,-3.4064706864363714
0,-3.509615560219199
0,-4.694473284973162
0,-2.5028193410093382
0,-5.333860113791024
0,-5.030788282088088
0,-5.298879871883331
0,-3.739742676609256
0,-3.325680010879562
0,-5.274788165166636
0,-3.57093505834016
0,-3.090180405532598
0,-2.97943800713694
0,-4.137564978941609
0,-2.1454443451075793
0,-3.75588134935958
0,-4.025127638321693
0,-4.257932029909424
0,-5.482502059615471
0,-2.9142832545518687
0,-1.8707039569450408
0,-3.1136688706675777
0,-5.895059585858693
0,-3.2754974564202564
0,-5.69422935143476
0,-3.1260269770811844
0,-2.461075132251162
0,-3.8984888747729274
0,-3.827341327747036
0,-5.045600287285216
0,-4.198527372940831
0,-4.153117346209641
0,-4.806736384609257
0,-8.106429917697955
0,-4.46300819090006
0,-4.707444892824218
0,-3.220401471762372
0,-3.3306862705120484
0,-6.390619134394848
0,-2.1320144603937146
0,-5.424504373342439
0,-3.6572561091483253
0,-5.087173289024854
0,-3.9197265859520103
0,-3.848612464920001
0,-3.1442069630439815
0,-3.251705019096158
0,-3.8185305985640676
0,-3.6835377204099955
0,-3.721776708763294
0,-3.6396851251584685
0,-3.8278160914907837
0,-6.027717597211042
0,-5.601702809172533
0,-6.721912390903233
0,-1.5811311719796004
0,-5.169573766613928
0,-3.5052589426103573
0,-4.525349554544338
0,-4.835005927248261
0,-4.811124881520496
0,-5.185757152546644
0,-3.8002723430634817
0,-2.7968382183872604
0,-4.801406283231808
0,-3.9353148764002244
0,-3.9539193442404263
0,-3.4918533830359757
0,-4.1259378585857025
0,-2.435723771865205
0,-3.817231306854888
0,-2.094009932947725
0,-3.201494688912656
0,-5.563510336610052
0,-2.598130010912773
0,-3.347893060572599
0,-4.871950322997009
0,-2.173701117253576
0,-4.33575712541517
0,-4.329798019631248
0,-3.5943786083132103
0,-2.7419328896538486
0,-3.9547680339388065
0,-3.3342767036524457
0,-1.5305123585946974
0,-3.4960840056341116
0,-5.060342643606221
0,-2.9419826763339216
0,-4.827958924820339
0,-4.9571801756864
0,-5.303133079439719
0,-5.264492953084695
0,-5.53685113337092
0,-3.7993326646840306
0,-3.481358387679677
0,-1.681677138585545
0,-4.17569048757001
0,-6.073042714666403
0,-3.9122839861888488
0,-4.46437844237972
0,-3.7591810184020287
0,-4.388241792971231
0,-3.5430752738955915
0,-5.756317349717817
0,-4.314630143895032
0,-3.5740113338643176
0,-3.058631595055074
0,-3.89839647523598
0,-4.973747874478628
0,-3.3719550237275735
0,-2.98383505131905
0,-4.726946113077963
0,-3.15196000133444
0,-3.2328139407937577
0,-3.5954646390830214
0,-5.807258001842119
0,-5.020793948548032
0,-2.2242550084340587
0,-3.8195260055032745
0,-4.0389635850983625
0,-3.2442050368796496
0,-3.09260372364954
0,-3.753222398972918
0,-4.487754540972282
0,-2.7923771220661924
0,-4.118777280597366
0,-3.229477145158208
0,-4.744654185582627
0,-1.745095835029964
0,-3.6344600544800336
0,-3.8793756275070113
0,-4.784358897128808
0,-1.9924586689560417
0,-3.890575142840672
0,-3.981697825993925
0,-5.02897232216763
0,-5.047396714469783
0,-6.614600063826266
0,-4.898854204591432
0,-4.454737166956184
0,-5.03301406903504
0,-3.708260786655193
0,-5.075132478621063
0,-2.277370030724719
0,-3.143661346477143
0,-4.179210315207422
0,-4.399617335786281
0,-3.1223343177927454
0,-3.556611669851211
0,-1.8633985593506481
0,-3.0895157847961374
0,-2.8371755490570676
0,-5.399771292458725
0,-3.6560831230085693
0,-5.549185733715062
0,-4.208221058274544
0,-4.433300682284048
0,-4.265707023899222
0,-3.941713056125825
0,-4.75265350482305
0,-3.609326919551062
0,-3.253564754738001
0,-4.055014617463404
0,-3.9102486795862896
0,-3.9197729112423043
0,-3.686675402153134
0,-1.5816585022467335
0,-4.70950205049258
0,-5.171739356582302
0,-3.3471059082067742
0,-2.878027980568184
0,-3.921354610222683
0,-3.1167586353213856
0,-4.649419099831784
0,-4.49774692949194
0,-3.333286600544401
0,-3.2931860738682444
0,-5.724574581202722
0,-2.6370331017690773
0,-4.36950805775607
0,-5.478224908680456
0,-4.653914305086475
0,-4.174141934407572
0,-4.385491069756203
0,-3.18720562715154
0,-2.4020040695624467
0,-3.0470045690264587
0,-5.5967045284705
0,-3.2020767818962925
0,-2.8820027747487913
0,-6.513579290743845
0,-3.8889178192762106
0,-4.728321796079314
0,-3.848104738685685
0,-4.970726313379
0,-4.067953786485609
0,-4.7755040215731075
0,-3.689538692995374
0,-3.650737560985721
0,-4.310665443101733
0,-2.9371060193387573
0,-2.298036866561562
0,-4.862364870174703
0,-3.461111384932631
0,-4.090314597866688
0,-3.255722435360483
0,-7.297033372737603
0,-4.2454611022870115
0,-3.5200497915543973
0,-5.165919775336218
0,-4.71284240674917
0,-4.125251945268595
0,-2.9893854345040847
0,-2.1147333027654085
0,-4.097361983478639
0,-3.814124116957413
0,-3.5612121197288173
0,-5.673940461835552
0,-4.506028576431835
0,-4.940850669211358
0,-3.680472631265119
0,-2.5323485472976226
0,-3.925329461628659
0,-5.178555121265874
0,-3.682367186137048
0,-2.2579870401109714
0,-2.268875168378142
0,-4.401723490291336
0,-3.090979507641293
0,-2.8663179339401976
0,-2.6956536054706026
0,-4.2348578590811154
0,-4.714040993569571
0,-6.600261266305656
0,-5.169963493018354
0,-5.711508853953588
0,-3.523631343028356
0,-4.1012157864005445
0,-3.6179025011458714
0,-5.292777121941304
0,-3.338544130168991
0,-4.6522774201753005
0,-4.762224587713726
0,-3.599926908692807
0,-4.985286597407405
0,-4.322634326720325
0,-5.14000749624484
0,-4.650010897305661
0,-4.291407187955732
0,-3.1132322676880646
0,-7.214993213889699
0,-4.080702980495356
0,-3.0153625173644456
0,-5.432257923421565
0,-2.457988635811156
0,-4.67056606968503
0,-3.9324224781285695
0,-4.124897026091651
0,-5.923737308157708
0,-1.0796803599642075
0,-4.714352599817586
0,-4.849628387649932
0,-5.105386668758386
0,-4.713393429524044
0,-3.5047796543014065
0,-5.09746139991942
0,-4.446101740905862
0,-4.680226108225468
0,-4.04877644995063
0,-3.4795934423127313
0,-4.801454388357024
0,-4.235780906397358
0,-2.707905018087849
0,-3.6855009921375785
0,-4.437857631224398
0,-4.1064558315481365
0,-3.7909885450274947
0,-4.0702353483836395
0,-3.5692466695530745
0,-5.064836922713058
0,-4.263995919218052
0,-4.43283667140583
0,-4.762967241955794
0,-2.9281369028347406
0,-3.997191626712015
0,-4.248738680383805
0,-5.989465707695073
0,-4.419545310437247
0,-2.873490610872312
0,-1.7493105081744789
0,-5.461615894368093
0,-3.972892671069538
0,-3.9272142278450577
0,-6.277733883019129
0,-2.760714504378778
0,-4.329550968878535
0,-4.500914831060026
0,-5.223545005512242
0,-4.81979954871057
0,-5.951576050170111
0,-3.264986439490959
0,-3.4328138627915292
0,-3.9529877870805334
0,-4.818937308667943
0,-3.2105430663530043
0,-6.013667369950166
0,-6.718855791652421
0,-4.77226520163164
0,-3.598473339481302
0,-4.284592220118147
0,-3.298951865348265
0,-4.056040485842069
0,-2.0213353506702205
0,-3.9131705018446836
0,-4.981091885885164
0,-4.248764762765557
0,-4.211103753856577
0,-3.8360965605381865
0,-5.326965764991508
0,-3.9056233456262586
0,-4.937718742984931
0,-2.22496083804797
0,-1.6461167555451581
0,-4.320641701017374
0,-4.97625926596116
0,-5.632635198785421
0,-4.679147548017465
0,-5.107594967958384
0,-2.7427611323298717
0,-5.076332808970337
0,-3.450542818903267
0,-5.260793662618835
0,-5.595150397253255
0,-3.6257773697389917
0,-4.5189458299557455
0,-4.5274988878515
0,-3.1990422581745444
0,-4.761828271550331
0,-4.7790434932588415
0,-2.1520500105866223
0,-2.85285639720969
0,-4.824545131261066
0,-3.390659977022333
0,-4.047097167817929
0,-3.4615452330078678
0,-4.72767014956135
0,-5.605042625872553
0,-4.212471213598371
0,-3.211135635345291
0,-0.8110528763889313
0,-3.778681496562833
0,-7.4972624873186255
0,-3.384063666451911
0,-4.232720103021179
0,-3.1802426380129374
0,-6.123435840244966
0,-4.968519596563088
0,-2.0607982717410698
0,-4.4556800887448995
0,-3.1914515028900556
0,-2.7009865505474777
0,-4.5912356999249715
0,-4.879819440186523
0,-4.5119535453188
0,-3.4997291747341075
0,-4.226579097166459
0,-2.9320001922428864
0,-4.148302393466972
0,-5.025749894568553
0,-4.011333357744248
0,-5.258529345102133
0,-4.023670828040408
0,-3.892822416059999
0,-3.9635708921585686
0,-4.296046057776194
0,-3.969407607612554
0,-6.411646598053911
0,-3.4920089826640077
0,-5.053130238445885
0,-3.484086112541423
0,-3.900198865874699
0,-5.450363688461559
0,-5.149618412523473
0,-2.0287871537207973
0,-3.500108259551106
0,-0.7118165822616
0,-2.9278101801995
0,-5.416739744740234
0,-4.106052061588442
0,-5.076842884525557
0,-3.923045402049072
0,-4.259107318022909
0,-4.266769668027644
0,-3.469575448538932
0,-4.80013766597415
0,-4.898563552293745
0,-3.9030950176889196
0,-2.9530183137067922
0,-3.936910935776401
0,-4.777478915746986
0,-4.537663667533484
0,-3.3233472099962427
0,-5.495589371834472
0,-3.6422124656745574
0,-3.5304662460354455
0,-3.2774093190201388
0,-2.6385786884393276
0,-4.606256262402111
0,-4.692339475723295
0,-3.9910143714326196
0,-3.32425097702988
0,-4.773732998413451
0,-3.240091477212067
0,-3.4526918049560598
0,-3.241431010729063
0,-4.95161409932283
0,-4.569635542431394
0,-4.5694703830422725
0,-2.812658607621119
0,-7.032708746642465
0,-5.866627148094322
0,-5.813026664499438
0,-2.4161951000286916
0,-3.8782435097227115
0,-5.257834058581405
0,-3.8984974266548393
0,-3.1149326254447414
0,-6.777158731615282
0,-3.7266382883821008
0,-3.3504802258153727
0,-4.154789282061677
0,-4.650411452342116
0,-3.862848019925939
0,-3.5018643048550215
0,-4.863797929016895
0,-2.008698303348045
0,-4.388293739699371
0,-5.287810112028861
0,-3.65372906501325
0,-2.7168404351138578
0,-4.664406604949253
0,-4.769617833873518
0,-3.5551875208280075
0,-4.734956296246091
0,-2.830467856837838
0,-4.206949345051122
0,-1.9868082116882908
0,-7.317034949784928
0,-3.5583478087901317
0,-4.974396933026218
0,-5.550528283294543
0,-3.9419159633418217
0,-1.9504284774135203
0,-2.8995735289250275
0,-10.51809490076278
0,-4.335142472639872
0,-5.021665960703153
0,-2.59807971042731
0,-4.8820842678093435
0,-6.230939740781401
0,-2.081755111029274
0,-3.5832626427872025
0,-2.702158086821031
0,-3.3059041197276855
0,-4.166307455456897
0,-4.724599052421719
0,-3.064160818103141
0,-2.784008593584292
0,-3.619189501467814
0,-4.268540936742695
0,-4.164759449065398
0,-3.564212808626804
0,-6.555542588135757
0,-4.059026818748005
0,-3.037913878891383
0,-3.715437275817108
0,-4.212879336797232
0,-4.908869393676412
0,-4.779423187391659
0,-3.3745015109592678
0,-1.9471220574905965
0,-4.9057417300132125
0,-4.820596421481796
0,-3.560868836522727
0,-5.582022520581328
0,-4.570305058535129
0,-1.225574846634005
0,-3.256557950470005
0,-2.7064647417776335
0,-6.35842192666169
0,-3.893580702969585
0,-4.708674365631802
0,-5.985941060456158
0,-5.512619624325857
0,-3.4426126643795643
0,-3.6401058004304594
0,-2.944569635203462
0,-3.5892357704143576
0,-6.307712722935488
0,-4.490386938863856
0,-3.757263765153449
0,-2.857111657166355
0,-2.6058142440543115
0,-2.4497399617751165
0,-3.5939627969252532
0,-4.439115713817835
0,-3.5849823548726802
0,-5.116913718751302
0,-6.507395447913973
0,-3.4473226044381975
0,-5.02562127625484
0,-3.8303872843664726
0,-3.468858009290589
0,-4.849052504783716
0,-3.489704763034726
0,-5.313772793808004
0,-5.214569955331427
0,-4.141533069695306
0,-3.6250045863651668
0,-3.3815228622465554
0,-4.017716622016957
0,-3.178677224390527
0,-4.533525542034316
0,-3.808722889299834
0,-5.116620424238938
0,-4.034032100239654
0,-3.2031343294998917
0,-7.057117721291946
0,-1.2552371851764281
0,-5.47659516634099
0,-3.9443769527196832
0,-6.667117858542159
0,-2.826163222233516
0,-3.2927504450701557
0,-3.6366132066024432
0,-4.119045260171395
0,-4.696314063124449
0,-3.0848996380683094
0,-3.961990660014601
0,-3.18671353765928
0,-1.4714302390376055
0,-4.051033224086215
0,-4.688291902339819
0,-5.930150896614509
0,-5.018551424599905
0,-4.019825562125248
0,-4.043176319149557
0,-4.3765901973882375
0,-2.175561753938574
0,-4.282959545231697
0,-1.3114221476601884
0,-2.114396653744295
0,-3.9724505672063533
0,-3.6799845853230777
0,-5.457674334171731
0,-5.668600580250929
0,-2.3003080363842368
0,-2.8702748789001338
0,-3.6385471177736184
0,-3.0807197380292366
0,-4.928408567203925
0,-4.017897998151752
0,-4.963146865940715
0,-4.853458258211713
0,-3.1410859720158473
0,-3.8698497794540607
0,-3.3827815489801827
0,-4.758203972473882
0,-4.274988785097305
0,-3.502329561909205
0,-3.867971160655418
0,-1.6423089125933026
0,-3.5949703172804663
0,-3.243826114201215
0,-6.376462121339874
0,-4.089793542786641
0,-4.595880103909154
0,-8.216760870831905
0,-4.124094311975572
0,-4.361314833816525
0,-2.899432424339638
0,-3.894929173170858
0,-2.0634778172341437
0,-3.7007688381312684
0,-5.304335492275132
0,-2.414439330326915
0,-3.4743269641017904
0,-3.375124022710489
0,-4.60689925681273
0,-5.002307039103008
0,-3.2679243372437092
0,-2.5110668801010823
0,-1.3699810587436345
0,-4.115775061349389
0,-4.053261441725476
0,-2.652868988906433
0,-3.503107728496962
0,-2.356093825533419
0,-2.9671825426392715
0,-2.0017174717165647
0,-3.8842432507420495
0,-5.612619294511694
0,-3.2977462678505796
0,-3.4347903429437148
0,-3.800235223408994
0,-4.496403235488187
0,-4.455089848720049
0,-4.755358891076265
0,-3.5107831253863244
0,-2.7222987667850114
0,-6.501266995865638
0,-4.6432169680288675
0,-0.9427936849455958
0,-3.492046988298403
0,-3.498611623201853
0,-3.980788901739985
0,-4.353806267752137
0,-3.662993653476534
0,-3.9743039092495445
0,-2.6351743250842263
0,-4.549155724530996
0,-4.038908617342768
0,-5.120481574933442
0,-4.811054873556939
0,-5.70085862718954
0,-3.982300675910237
0,-5.961061057155087
0,-4.002053818066147
0,-3.659278766012293
0,-4.756956135411499
0,-4.741751164774627
0,-2.9749260508701814
0,-5.101372584395678
0,-4.8648964451937005
0,-1.9989369684182794
0,-4.466321417841626
0,-4.5701819413709694
0,-2.007527676066709
0,-5.918584444927384
0,-3.367452492553938
0,-5.564303786680267
0,-4.121392771486785
0,-5.48929210265502
0,-2.3383438792028226
0,-2.808539979625311
0,-4.241516720914906
0,-3.9649842320435806
0,-4.260606735359085
0,-3.6174792141367056
0,-2.653966530234213
0,-4.786970488942774
0,-3.251297097937481
0,-4.079102991821805
0,-4.580449193423976
0,-6.243276001527342
0,-4.41335258085624
0,-3.1995855872106365
0,-0.8676581042827487
0,-4.2931175427553345
0,-4.719376294400378
0,-4.963718337381144
0,-2.2969861540076835
0,-1.551624047805082
0,-6.6960497467307825
0,-4.880151416833445
0,-3.711275294119992
0,-5.274385863835702
0,-2.538265428413366
0,-5.665411707292591
0,-5.363727454974944
0,-4.021610680463321
0,-4.919498183832991
0,-4.80288983843176
0,-3.976065088157045
0,-5.087644787130911
0,-2.2771958755988555
0,-2.7897499816354445
0,-2.936103574183851
0,-4.284207090106939
0,-2.1841345263069036
0,-4.548020921010429
0,-3.7008567520091673
0,-1.9658732744352774
0,-4.374330622090628
0,-5.753281841785446
0,-2.5544391917838265
0,-5.335411588709138
0,-4.317244852396428
0,-4.595018649451508
0,-3.241960707000099
0,-3.293734522601964
0,-4.4088439172273475
0,-3.7434847863060625
0,-3.52684500393742
0,-4.340154389652548
0,-4.325930548845779
0,-6.176599239957067
0,-4.042086447588998
0,-3.750479528088032
0,-3.5441415897932274
0,-3.4204215122809174
0,-2.947180322566026
0,-4.87317245074205
0,-3.790156161432046
0,-5.476020848097669
0,-2.8406438214448464
0,-3.4867565948577477
0,-2.7577203507927983
0,-5.070332741413642
0,-3.784911786182422
0,-2.0691185882186414
0,-4.884364036637079
0,-3.4929210400388655
0,-4.710051675231864
0,-2.7447275052548115
0,-5.465962200936155
0,-4.1431385897675455
0,-2.182176337754118
0,-4.350080091440269
0,-3.8378479080929018
0,-4.992974899941825
0,-3.3873752109698896
0,-3.9593720634362555
0,-5.360603301909625
0,-2.542190474276752
0,-3.9619090982473066
0,-5.125903686750696
0,-5.961855324917016
0,-4.187413718319135
0,-4.459388599295376
0,-4.586825372659212
0,-4.958830964845248
0,-4.603707057137169
0,-4.183625587803458
0,-4.471766214641697
0,-4.187818656439676
0,-4.23671740540359
0,-1.5219297906131857
0,-2.878094089236486
0,-4.1273555483411295
0,-3.990755858875033
0,-3.2707066108446305
0,-3.37487589192732
0,-5.384254239739429
0,-4.496733342039234
0,-4.449005933728466
0,-3.7215417498524896
0,-1.8006085925391422
0,-4.428353455415066
0,-3.722764289161672
0,-1.7471624070567064
0,-3.782622416656504
0,-3.8338897176830384
0,-3.0362316740024404
0,-3.1285707137061376
0,-3.1520008036194667
0,-3.691352249151988
0,-4.28169900012183
0,-4.181639382303273
0,-5.241686284994255
0,-4.828416739927527
0,-2.63584072896447
0,-8.685003068107545
0,-1.8150874732181599
0,-5.788087226626498
0,-5.175130332425452
0,-3.3955504531314187
0,-3.8724553287918697
0,-4.373387746189204
0,-4.695754572440274
0,-2.939150479122033
0,-3.500245237188129
0,-3.5565696899557966
0,-2.929805696072096
0,-3.9192848784953562
0,-3.172572554834766
0,-2.595015311559825
0,-1.6636183092795913
0,-4.755533905225498
0,-5.924634080270479
0,-3.593521561977098
0,-4.202420169939821
0,-5.372602826080465
0,-3.194503009213782
0,-3.938183347881974
0,-4.08685080032647
0,-3.2372006520252956
0,-2.6252364478174415
0,-3.978061126922927
0,-4.021849340612729
0,-3.322258908591782
0,-3.4645795648886417
0,-4.187446162374998
0,-2.5998057855765593
0,-3.47494134024947
0,-4.708005869377923
0,-4.605243044190149
0,-4.886627320024209
0,-4.032420664949103
0,-4.497054352373026
0,-5.7082951833962925
0,-4.494471527870164
0,-3.508478756634128
0,-5.233634946500576
0,-4.418428260319335
0,-4.689032346100961
0,-3.984236570274091
0,-6.160514875138216
0,-4.9225600734906845
0,-3.46630578804679
0,-5.931265129254195
0,-3.9953760768282693
0,-4.5401957504349815
0,-3.512852412382159
0,-4.2381921572932795
0,-3.5469166023071854
0,-2.5934479769222833
0,-3.2737564536207406
0,-3.849612933110037
0,-0.8851981548053884
0,-3.334516357298578
0,-3.1640962765444614
0,-4.4402441381027495
0,-3.478750993805857
0,-4.58040034134564
0,-4.957583818009544
0,-3.3861906926372267
0,-5.374728573451992
0,-4.401866493018664
0,-5.067902805586309
0,-3.6524124603320844
0,-5.000271711955838
0,-2.651652719048986
0,-2.6295716574665624
0,-5.042693795263109
0,-4.78011951745448
0,-3.0556914211513697
0,-4.2509280635739675
0,-2.975150409339297
0,-4.660529372720359
0,-6.033992952750096
0,-4.014277479337708
0,-6.611510781941218
0,-3.599880049437799
0,-3.5906392614802747
0,-3.532191759898918
0,-6.406926531296429
0,-3.2972034818660574
0,-4.46177517378778
0,-5.392181644682473
0,-3.612299601057285
0,-5.342298421330433
0,-3.208590267935559
0,-5.403731713794462
0,-4.670957280668076
0,-3.6885926330559617
0,-3.199724855200799
0,-4.4109305148432645
0,-3.652305229691066
0,-3.142195164190137
0,-2.486486631281418
0,-4.118244265585842
0,-4.161098406023325
0,-3.2079386280236077
0,-5.538541609856097
0,-4.8216838913052795
0,-2.387173800341148
0,-5.335921253111559
0,-3.331587740561263
0,-2.8965170332660444
0,-4.221216869012253
0,-3.108366261159388
0,-2.751599204136692
0,-2.9568942813882995
0,-6.546535620741288
0,-3.861856320671369
0,-3.7066581507144796
0,-4.2629940974763745
0,-2.833311950587505
0,-4.502374456097287
0,-6.257281861728324
0,-3.5987357593221123
0,-4.87912671213018
0,-3.82025516651689
0,-5.638173965327145
0,-4.1456375870276405
0,-2.7318078526379397
0,-2.0611064280191744
0,-2.901753060198522
0,-3.888865814456329
0,-3.3997999741098885
0,-4.774230693725409
0,-4.34819328747446
0,-2.428056158897397
0,-2.1422862693353624
0,-4.490812610278114
0,-2.666817000587634
0,-4.207488021192624
0,-3.2842727823177915
0,-4.082973154928203
0,-4.170896491265838
0,-3.3048865659943507
0,-2.651022104257441
0,-3.173968181458697
0,-3.228122405598712
0,-3.224362064976802
0,-3.4185419398235517
0,-3.197983790618421
0,-6.517207389683827
0,-4.882783776430638
0,-2.4655318213800372
0,-6.558511710078228
0,-3.6840818326243734
0,-4.74454652228995
0,-3.0774031185269553
0,-3.3006229068798683
0,-4.60787817125678
0,-3.6755740506494576
0,-3.1430855234814468
0,-4.246176420336184
0,-3.4619109643643546
0,-3.29789458812213
0,-5.658927391543859
0,-4.124621124081126
0,-4.0488585305245985
0,-4.179198246852964
0,-3.5586266309090817
0,-5.569995029078506
1,-3.9684809779187455
1,-4.024622261064817
1,-4.055650707107862
1,-5.8002436511261966
1,-4.423735099705742
1,-3.455864333480494
1,-3.9056188138707837
1,-3.992416948680656
1,-5.571565314081907
1,-3.6228274269938354
2,4.2655610956667225
2,5.2501924083851526
2,3.783220594641032
2,4.42952282856964
2,4.735708833010751
2,4.763873604088855
2,5.432763486659948
2,5.106896304680096
2,4.895982892388791
2,5.113674878626492
2,4.820527128896593
2,4.364755429991811
2,4.130615767079094
2,4.663723970770796
2,4.6095757924665985
2,4.636091006507124
2,5.910638757572821
2,6.158880302630353
2,4.758969588671979
2,4.752885557134033
2,5.4172671214244374
2,4.778574184899197
2,4.96589962228389
2,4.5936227129522935
2,4.872149596523513
2,5.336751506138805
2,4.639814025027919
2,4.767543770652874
2,5.497755053511487
2,4.447383469976646
2,5.063339096343328
2,5.565911183492531
2,5.057072357435063
2,4.30227178387154
2,5.190369715364725
2,5.4374596062153735
2,4.292864314287171
2,3.694338213172264
2,5.4759227496232725
2,4.704405215788504
2,5.1273037251360565
2,5.29964622053073
2,3.7733018790946513
2,4.848008567008815
2,4.398609484095128
2,6.288002687092501
2,4.476695056597126
2,4.674477557986052
2,5.114545235683459
2,4.974639486138741
2,4.854042449739306
2,3.6041052072206856
2,5.4126238988094775
2,4.4879007529826875
2,5.422755316255145
2,4.590798959731755
2,4.161716142051668
2,5.594900761304917
2,4.311790152707018
2,4.674644575968472
2,5.084146845967025
2,5.364718181394636
2,4.439272157051359
2,4.1771480468581155
2,4.313083763461666
2,4.37784344244796
2,4.507541596952459
2,4.808750932418098
2,3.962652295913266
2,5.946004106322463
2,4.438288660584967
2,4.690334096201452
2,4.695685023314311
2,4.16316323177193
2,5.548590971446687
2,4.186258693014211
2,4.571112414589749
2,5.1496679424253005
2,4.501112265631679
2,4.287326781970628
2,3.9806168485210303
2,4.542294304934571
2,4.190680358734301
2,3.620328840848666
2,4.088882902354007
2,3.8030641303607746
2,7.0007658677023485
2,5.488669028563017
2,3.9245353194396486
2,4.446186785954519
2,4.473095036144554
2,5.363646175642884
2,4.919826181397287
2,4.362387425623043
2,5.851530192158915
2,5.994749885548979
2,4.008753269058881
2,4.997124747626252
2,5.065827551277662
2,5.332979144212782
2,3.9045316152382785
2,5.280979548309433
2,4.942517957717021
2,4.449000078292982
2,4.7682228480260545
2,4.443449455760448
2,5.521930883256156
2,5.439651948293741
2,4.46552268614159
2,5.197836442603032
2,5.753275452858169
2,5.453210483518269
2,4.641132580912219
2,4.714089111139247
2,4.318323581902636
2,4.084783498331162
2,5.177320080429078
2,3.93507265711317
2,4.650318017430053
2,4.34159024743984
2,4.2874525747309855
2,4.936236977620668
2,4.421502306692455
2,4.551381321194111
2,4.9508796148014325
2,5.643650856071708
2,4.3468423842685056
2,4.281073102296378
2,4.861356823400144
2,4.8364134648852595
2,4.129716839361211
2,5.12398846689589
2,4.373630842516732
2,4.68936689350317
2,4.4079897241349535
2,5.583592438269246
2,4.632029886422059
2,5.335192208218343
2,4.684471407568571
2,4.201892234436633
2,5.244839178461612
2,4.194576320073057
2,5.15211131155855
2,6.282199002629423
2,4.3810510001937235
2,4.553499075346459
2,4.648948560059014
2,5.642871764698871
2,5.425704917561996
2,4.908386678279307
2,4.188699723288168
2,4.666044734497985
2,4.43496317556933
2,5.916727787240911
2,4.0395011154855585
2,5.932022797503167
2,4.941343603720469
2,5.262179984675941
2,5.410075935717938
2,4.194622398791306
2,5.721238431676958
2,4.975747628393918
2,4.695192309874973
2,5.3561445681378865
2,6.068513865781176
2,4.490614276384139
2,4.265940309706545
2,5.634593008663947
2,4.992184907689467
2,3.474819621395839
2,4.679233024794064
2,4.619940823363276
2,4.32067993673576
2,4.004120667116034
2,4.36538872911872
2,4.229205644179932
2,4.500422756605157
2,4.514534690711943
2,4.114269863083283
2,4.368886093118717
2,4.7169623031549754
2,4.64451656602974
2,4.900244938973371
2,5.279213225628063
2,5.500624088117469
2,5.3630879319411475
2,5.590644662287766
2,4.772100521026556
2,4.38275222477485
2,4.41818512599899
2,4.623213259733607
2,4.492585457625661
2,4.751094112868828
2,4.70168823143025
2,4.88531058182005
2,4.758603881432322
2,4.384243291742902
2,4.5165012632154244
2,3.951123530296476
2,4.855328577993479
2,5.131112927610342
2,4.416420785096513
2,5.046092573609462
2,5.009745739228753
2,4.706256199420098
2,4.0512213643058566
2,4.536536387590019
2,4.651535926609417
2,5.351177852727247
2,4.383554822659818
2,4.053221754366081
2,3.9099553710724386
2,5.67959989086094
2,3.6149469594931682
2,5.1321233817448455
2,4.962868523493407
2,4.96965738807215
2,4.70201555477417
2,4.526450532474685
2,4.446203073689049
2,4.543166232143184
2,4.593665708088125
2,4.28832832998077
2,5.180056764853715
2,5.510155457187128
2,4.079462739356351
2,5.162935332207391
2,4.997075985125905
2,3.7861470287112335
2,4.1094271261367865
2,5.931189210172194
2,4.535878133563631
2,4.3163073254646
2,4.615110492923322
2,4.91244874575234
2,4.619416539112291
2,5.097597578952227
2,5.469565889676372
2,5.641710424619474
2,4.489748251915607
2,4.292669941357423
2,3.6429408216911816
2,4.4131139184688895
2,4.670495887803978
2,4.677025064339368
2,5.688087936501487
2,4.140930165007842
2,4.182648606871653
2,4.4619768045406625
2,4.161772806717536
2,3.8630675647333947
2,4.318701942416209
2,4.342053202458441
2,4.365260221724705
2,4.73979602551884
2,4.393575467662689
2,4.10446934255561
2,5.560644768382828
2,5.351437301195753
2,4.479794120057148
2,6.208651687685227
2,4.628127459891938
2,5.002839042352078
2,6.307573657238647
2,4.654354478657879
2,4.153695613279747
2,5.92492577922365
2,4.314417857189761
2,4.461331236384159
2,4.309350844725874
2,4.499500275991657
2,5.567311630059172
2,4.420785108088981
2,4.195851511272422
2,5.4616909207106605
2,4.7225850518476875
2,4.992702586550381
2,4.082927403911807
2,4.162409011201139
2,4.4428745391127125
2,4.275319847138733
2,4.102747886546066
2,4.3067718683615315
2,6.052981994155623
2,4.86567375025263
2,5.926345855173711
2,4.607595113483753
2,4.214408039574667
2,4.367822002991924
2,4.407133439768526
2,4.793417717615828
2,6.230510636643836
2,5.326555088187673
2,5.262635082711316
2,4.78152329466221
2,4.644143446211537
2,5.155201769819894
2,4.726134236269868
2,4.393478987952424
2,5.059762161484807
2,5.394992086752232
2,4.453236724271706
2,4.385144872830468
2,4.592367786967784
2,4.289078955340565
2,4.2787292008191296
2,4.3705015717890845
2,4.671046035600449
2,4.335324648475698
2,5.19903673391847
2,4.1502266843119955
2,3.9149884171891927
2,4.174184358711153
2,5.018210399908322
2,4.490320111192373
2,4.517133477255615
2,3.8819608638094705
2,4.562525175918997
2,3.939291722509208
2,4.645067949064361
2,4.341954522532881
2,5.464409763221008
2,5.066875919517669
2,4.75321524435907
2,4.501796859694489
2,5.896688458251703
2,4.52215822322038
2,5.8049002775703205
2,4.709049816090633
2,4.433426493071833
2,4.064629758531837
2,3.982515178289236
2,4.064411575203591
2,4.578875034867673
2,5.564037472374782
2,4.580535647997195
2,4.545932889387155
2,5.894438752289709
2,4.604800385132226
2,5.039645228029997
2,4.2714245410771605
2,5.0891080938644535
2,5.426898821200929
2,4.090381196563971
2,5.22627817631758
2,3.9305603137076184
2,4.050159640460705
2,5.247087853930745
2,5.469111389621094
2,5.065809548652205
2,4.279181386881664
2,4.0335629238864446
2,5.071886540278395
2,5.655430218176791
2,6.4039340056667555
2,4.684618201516413
2,5.339964478976157
2,5.024598623085939
2,4.261458594882166
2,4.084637720196017
2,4.607774072060219
2,5.158517208161985
2,4.474679877696493
2,4.204510955115865
2,4.056433661182908
2,5.50101128300942
2,6.3930604990418
2,5.555843107456112
2,4.979476956563227
2,4.191695738358677
2,4.470641546219388
2,4.48353751723241
2,4.339932378076496
2,3.9789435152053416
2,4.475459928610297
2,4.5820546915460145
2,4.803202819385027
2,4.519583885552623
2,5.449139323371455
2,4.13808307491944
2,6.428262953443186
2,5.434684206559002
2,4.659181059403219
2,4.988793542176364
2,4.477865810730378
2,3.9333854345975268
2,4.599105448703494
2,3.4903540391401906
2,5.140146782109927
2,5.05360310023199
2,4.227301992145372
2,3.8785988860068734
2,5.103045570401948
2,4.573718090482736
2,4.88793636426055
2,4.5989503556034546
2,3.833055757989896
2,4.6525277194675825
2,4.352385491263049
2,4.562491038223304
2,4.318083187000629
2,4.883827928203173
2,5.2595363405769024
2,4.994854573020294
2,4.734755088606658
2,4.251291382787551
2,4.549410796640754
2,4.955895895040122
2,5.144374310824036
2,3.6793759628140803
2,4.574541807275933
2,4.650876604765554
2,4.665159037553298
2,4.071104850926164
2,4.922033712462932
2,4.371880656934425
2,4.26504177286524
2,5.748350899345489
2,4.6466931797360616
2,4.802937402179247
2,4.960520403037454
2,4.661378771491916
2,4.243440594973963
2,5.443543831789011
2,4.281086484435622
2,4.472478343830055
2,4.657041457716236
2,4.353081400922099
2,5.362182938088133
2,4.218649085856769
2,4.82162801614919
2,5.3103883201311195
2,4.089425286680771
2,5.419007168993043
2,5.376189698603956
2,4.5319028634225935
2,4.438408256566351
2,5.44071256353093
2,3.945764637130718
2,4.56396082085198
2,5.140944023093096
2,5.158764783779477
2,4.557923131845573
2,6.047483081834742
2,5.775050539362155
2,6.452053989227455
2,4.911885907321953
2,4.923344901588817
2,4.392192874271342
2,4.49332804145363
2,5.538964098475372
2,6.3073723367306815
2,4.7604104145464206
2,5.411519121574113
2,3.994581377120025
2,4.756161409910977
2,4.341499819715341
2,3.71176280273449
2,4.635564039972787
2,4.875557526420984
2,4.856166253415748
2,4.727902008816687
2,4.463639872100271
2,5.105766310951415
2,3.9465284371691354
2,6.139317635444172
2,4.308567310760681
2,5.388173230580399
2,5.354574643916993
2,4.534988936173707
2,4.224225332115106
2,5.096582368764778
2,4.873063931576307
2,3.964338267570147
2,4.536636124725193
2,4.097358965262577
2,3.797409627533174
2,3.835366028513656
2,4.112184069209672
2,3.8409026359972556
2,5.1685097640853
2,5.398012599670495
2,3.761457375138063
2,4.7755252613184895
2,4.312526555069952
2,5.527488588363243
2,4.838121786001652
2,4.5277045995749745
2,5.996464816268071
2,5.268120313565397
2,5.063711571471079
2,5.993509782700395
2,4.727800744150478
2,4.332936127319668
2,4.043193183398426
2,4.400942850715115
2,5.570343286840556
2,4.183160518387519
2,4.873541022086264
2,4.289646677010623
2,5.190907826316398
2,4.891745536209948
2,4.552782737125942
2,4.673544389746562
2,4.52796000893837
2,5.056863169017729
2,5.299240099341288
2,6.785432283634992
2,4.277906939989299
2,5.928229055017285
2,4.520034170154959
2,5.200411518643612
2,4.099277926596172
2,4.28114978885083
2,3.619995755372425
2,4.995842314729238
2,4.801975954123793
2,5.609436383462585
2,4.312602722980747
2,4.935569955711651
2,4.639350173403896
2,5.190275923426423
2,5.051501468562468
2,4.232022573266786
2,5.5468311521333336
2,4.344167925416048
2,4.541146894024985
2,3.8155908079336345
2,4.828506392123992
2,4.105047598962706
2,5.977664967729182
2,4.3205575444078415
2,4.576678480269305
2,4.214441539868887
2,6.05152403239993
2,4.769138190193905
2,4.72783758300065
2,4.896264822532031
2,4.145658184672136
2,4.9418907778817776
2,4.582620143989486
2,5.2223691459283375
2,3.6238958299340784
2,5.186295291172355
2,4.267115649233579
2,4.805332921426364
2,4.411075685762495
2,5.558032706136675
2,5.021762219935671
2,4.371859153714268
2,4.528263721527136
2,4.06671862902364
2,5.3310835071732505
2,4.6303269902218505
2,4.231677182254711
2,5.424991373740713
2,4.545105494033729
2,3.917512466250675
2,5.002178503704235
2,4.293089494838759
2,4.567652871686659
2,5.021060558127571
2,5.8349967307024055
2,4.725660269856633
2,4.00842604705012
2,4.300744111242773
2,4.2746515742766125
2,5.704970863594063
2,4.8355836613323255
2,4.33734532800842
2,5.3366462598563515
2,4.48081121103273
2,3.8860506249564866
2,4.656179464462571
2,4.398136803695437
2,4.019237756148471
2,5.2959273670710685
2,5.940790581110039
2,5.208137266290988
2,4.747277447575047
2,4.441225851691539
2,4.418061910815093
2,5.760183795179776
2,5.839291718345162
2,5.3049260609376425
2,5.362381854215699
2,3.9510948387238582
2,4.331097374301488
2,5.9577994594887596
2,4.723960777028588
2,4.391655133252829
2,4.187485733120148
2,5.409299450059261
2,4.4544629067272705
2,4.568678008819641
2,3.7017813136993207
2,4.75001779101183
2,6.350857689683264
2,3.981503107452625
2,4.470755417367998
2,5.061688053271836
2,6.103248415468778
2,4.859422096391732
2,6.092477081169651
2,5.021042637109307
2,4.80220529846437
2,4.824963338045327
2,3.6558900586325622
2,3.866778683633903
2,3.6249294225272033
2,4.13750125676624
2,5.2593387724340825
2,4.633882728709949
2,4.23482260571035
2,4.507237385032542
2,4.661133677824985
2,5.793959078200361
2,3.7165415662580004
2,5.693195344464877
2,4.158963249386163
2,6.585688677495593
2,4.684572785805682
2,4.393464129950242
2,3.951313792182814
2,5.852949097491517
2,4.749069034037722
2,5.440634955124735
2,4.320069547892714
2,4.290366625460988
2,4.34842442296241
2,4.331381354028433
2,4.496739848941696
2,5.315354650068975
2,5.16939049801182
2,6.1848545971513005
2,3.838881276558677
2,5.041848773634967
2,4.04795770393978
2,5.699572797779972
2,5.999870976829629
2,5.047487633468815
2,4.611254440023704
2,4.2682011177290375
2,4.32774107493805
2,5.135682372880307
2,4.197199515902046
2,3.539675086471539
2,4.919820299348807
2,4.385209635396697
2,4.852455880351346
2,4.780491520505944
2,4.540305066949248
2,4.712454147752386
2,6.174802458364896
2,4.337729072257764
2,4.965213270923998
2,4.785709011549432
2,5.045170563732102
2,5.909271991963981
2,5.265064945081427
2,4.16863588485413
2,4.534862641661075
2,6.247631288052997
2,5.527134798757414
2,4.768198919547586
2,4.333518605020887
2,4.955504821106579
2,4.76377120032741
2,5.002458885215371
2,3.923433358478955
2,6.326016424328895
2,5.611604244440537
2,5.188087391644178
2,4.544956512028843
2,4.087678398409261
2,5.132385235115223
2,4.425827202627652
2,4.461902396298811
2,4.622215398006393
2,4.954928196467657
2,6.322628791187943
2,4.5944923276638985
2,5.602744133736682
2,4.443706525274581
2,4.214378689344365
2,4.829677130303329
2,4.364959214737061
2,4.2615604364208535
2,4.253658272453462
2,5.41412912103511
2,4.3666337870048
2,5.334711539203882
2,3.910775374672721
2,4.472188000367711
2,5.474605478056585
2,4.855505025457505
2,5.542012953283358
2,5.318034698758492
2,4.276142968218552
2,4.869612849380547
2,4.404993899057764
2,4.718362915231808
2,5.23687778064451
2,4.854097234674453
2,4.732263153402672
2,4.737928722515955
2,3.94307537118048
2,4.7434193639047155
2,6.028137499844513
2,5.362426733787375
2,5.336452200228189
2,4.751141100038313
2,3.768799103619092
2,5.268013704908899
2,4.865610868654284
2,4.387260098118046
2,4.7122016160824485
2,4.717905362666107
2,5.964653384832252
2,5.187700028106013
2,5.631083941884084
2,4.762570127426397
2,4.685970708197166
2,4.427816906678213
2,4.168186233243837
2,4.202173964590899
2,4.229542658037301
2,4.422146553693431
2,5.381622919928729
2,4.182847846266879
2,5.183291035358886
2,5.150000611829657
2,4.735893821934875
2,3.943877445247136
2,3.8398306393775195
2,4.888468551513529
2,5.467702156611724
2,4.300920224000198
2,4.630532068770946
2,5.830165225830655
2,3.6209028188997627
2,3.8845428919246445
2,5.192523362004747
2,4.585632451227395
2,4.566027902625184
2,4.687467859709883
2,3.9774291482128223
2,3.8279963233067873
2,5.4310102545394034
2,4.840559686488924
2,4.293629067116104
2,4.989496840133196
2,4.816869301241051
2,5.890115043548513
2,6.228771833462824
2,4.228788136086244
2,4.0565491829973785
2,4.9325859478385246
2,3.8600722823396594
2,4.462007852854318
2,4.887379125440687
2,4.968070943007584
2,5.640222016577301
2,4.150689661043521
2,4.6565558757360215
2,4.357974586469144
2,4.586176862826752
2,5.51024024799707
2,4.219437574846435
2,4.613706237711839
2,4.580669010856939
2,4.8587582733278145
2,4.69528016074881
2,4.991765432248975
2,5.034104221197849
2,4.9803404298087
2,5.275263397673342
2,4.567741964181589
2,4.233879194734653
2,5.378579976412195
2,5.420195186742207
2,6.177304243863752
2,5.595779000104193
2,5.1452073521855715
2,4.113556069912923
2,4.986044563448894
2,5.244845705244849
2,4.2501660631728635
2,4.7110320871781814
2,3.980327694020164
2,5.846580372103319
2,4.2403964219577865
2,5.497680249534948
2,4.426941745897725
2,4.572974936620782
2,3.9726570136468773
2,5.0585999661419745
2,5.022103658286092
2,4.390123469513756
2,4.113765529017959
2,4.962417838272087
2,4.259636322454623
2,4.019616483743608
2,5.184623658686542
2,6.896310940832528
2,5.1676368619236275
2,4.560867313908966
2,5.873814017449558
2,4.734093799190507
2,4.68273821245676
2,5.578776421918437
2,5.400001579683822
2,6.627438463635318
2,4.437892429941664
2,4.3704469296219655
2,3.81220822018843
2,4.414558157100338
2,4.011248551054083
2,4.507529989190824
2,4.441215807875878
2,5.677176889072112
2,4.2463810420072905
2,5.169731226676389
2,5.242896839147327
2,4.498312754593048
2,3.971094772419425
2,4.277125176598109
2,4.6886507259825265
2,4.345068057901392
2,4.638522481665735
2,4.1706652539643105
2,4.029457790946619
2,4.132552989396774
2,4.4788504175739545
2,4.584776579584036
2,4.706920479477772
2,4.183991992979417
2,5.439377556527418
2,5.392475334523282
2,4.935938406100483
2,4.327721018740742
2,3.9847411055056674
2,4.240911036647543
2,5.106705298984343
2,5.132956434280238
2,7.308654448468649
2,4.595480231682895
2,4.384706478201745
2,4.843418481211399
2,4.801939134257052
2,5.440823134653755
2,4.414662803346671
2,5.9775787714031345
2,5.292717159548246
2,4.512463687009632
2,4.800553780992255
2,4.363205884908538
2,4.569174183679147
2,4.360866139646669
2,6.333851231933227
2,5.074300796107502
2,4.163468331977262
2,5.082026652708125
2,4.333759265411525
2,4.03533003415138
2,4.367553878709347
2,4.814314792837536
2,4.409547112506654
2,5.199062830734475
2,4.06198347131645
2,6.416249274393335
2,4.974060873303156
2,4.4320853598631755
2,3.53953031094851
2,4.915826967017603
2,5.0317081251308196
2,4.838154829372278
2,4.295593953993909
2,5.8682736283241566
2,4.033819949187677
2,4.820778970037197
2,3.9457638930665633
2,5.202727509124901
2,5.008491320827524
2,4.9116125351126625
2,4.5308738440022776
2,5.146824727451163
2,4.112467657143061
2,5.045656976810664
2,4.579787494739887
2,4.730368089119878
2,4.366224106391487
2,4.265024212729917
2,4.31905295615898
2,5.156030111863474
2,4.102895445051623
2,4.22992698769084
2,5.317060829637083
2,5.0981898875123655
2,4.935467298560636
2,3.9717581275955385
2,4.729520735040879
2,3.578685550093466
2,5.698192401279036
2,4.106998721122146
2,3.8738824356109673
2,4.521007719623003
2,4.5032642377463885
2,6.391194489314978
2,4.98496488795441
2,4.996049312904924
2,5.14307941552886
2,5.3349813858645145
2,3.6013704493269896
2,4.284212970374953
2,5.037302795480211
2,4.248660280236767
2,4.713960782121887
2,5.570622435024258
2,4.282297885710821
2,5.175428454955313
2,5.180264213311238
2,5.785289253742743
2,5.272833500583895
2,4.985032460764992
2,4.690442331071606
2,4.615008267521523
2,4.8316757576071705
2,4.822041139196873
2,3.906411770322087
2,5.023883493528855
2,4.828327803663197
2,4.806167025779379
2,3.714699261994925
2,5.078928028008611
2,5.068920137386042
2,4.530022988340529
2,5.3481740932397805
2,4.970853147971616
2,4.19708752845597
2,5.483965360112942
2,4.537468070915249
2,4.348661174071283
2,4.467423652005957
2,6.037147373464656
2,4.195699523802267
2,4.711125775526022
2,4.323267628634686
2,5.975683401529328
2,4.031621169182082
2,4.862222375707312
2,4.973808697665534
2,4.9825353298715065
2,4.169427776366833
2,4.047756639475611
2,4.011516097558604
2,4.438523558066261
2,4.799962738219221
2,4.6383788428726485
2,3.8659310257445516
2,3.852491529901805
2,4.120793696969205
2,5.527311887653433
2,4.11197028783476
2,4.887791482803626
2,6.5356434822157485
2,4.449060802112247
2,4.520909475623623
2,3.6946373155097634
2,5.381671619725704
2,4.942578063157544
2,4.836004802209388
2,4.611385033950968
2,4.050992662975097
2,4.023860596951556
2,4.313120448428061
2,5.360574013169192
2,5.166356660474351
2,3.9532097909782045
2,3.9746392257362397
2,4.863986906729658
2,4.5272129544794515
2,4.5013101048898925
2,5.250226542264027
2,5.4200146266929226
2,5.219175378944163
2,4.4363326353075605
2,4.780923710542136
2,5.28083803577306
2,4.774728527531422
2,4.481298451579134
2,4.804355840961168
2,5.7161096089832375
2,6.571647596363394
2,4.65167631505791
2,4.68397558011108
2,4.28222704744331
2,4.503122331990536
2,4.623785129514371
2,4.182006669550146
3,4.289641551079346
3,4.187783987153049
3,5.018959745226579
3,3.6821724952752932
3,6.207685369357193
3,5.519803017687391
3,4.808719556541097
3,4.443670641195128
3,6.717686779551417
3,5.8539771341801
4,2.458140343508712
4,6.263607378609095
4,2.3451612292249866
4,1.5798759679233865
4,3.712418098598922
4,3.711240076572979
4,10.20886434678648
4,1.0020648517902138
4,3.887311136767726
4,9.885485901813565
4,8.84395205723731
4,1.466159307221098
4,1.3962192273828986
4,0.8945070587347124
4,0.4092218740839159
4,0.9303695610920587
4,1.6218527166101815
4,6.961535702612248
4,5.5567332209498455
4,1.75708189207595
4,5.016824071062464
4,7.118601407563591
4,1.2959744936133926
4,4.356563505130513
4,3.480241727363947
4,2.8075975484680114
4,3.1964681179258094
4,0.29498571854391203
4,2.1108354431038863
4,1.962767532480161
4,1.7389934703451106
4,2.157380141205536
4,4.767696672147162
4,1.2097702495626574
4,5.6722314270190655
4,1.855317836048768
4,2.8000690442979534
4,1.0912636085674183
4,1.3064326472753756
4,5.56066539424932
4,2.4565051857799394
4,3.622056616087809
4,2.0054248127954306
4,4.51055302818289
4,1.817529397212268
4,3.056851173567726
4,6.8084314923813025
4,1.9576801131091466
4,4.5345631152922525
4,1.8242732035315243
4,0.8178225023687149
4,8.407027126458537
4,4.591397495574096
4,0.8987213921161985
4,6.313988341201929
4,3.9980633712129157
4,4.056485010710528
4,0.8938785288612096
4,0.2935721144662082
4,1.630191431365384
4,7.438030593912317
4,0.3089541277852373
4,7.586113003860439
4,2.263419665262722
4,5.6432934093468745
4,3.1451005455983747
4,8.501055475920866
4,4.326126461368225
4,3.1327856233278517
4,1.3212610923159671
4,3.8745991726709095
4,1.3921098763595932
4,1.7925253352789026
4,4.131408969666782
4,5.017537940532964
4,1.6000167951644164
4,2.0705731474079947
4,1.1867240301596556
4,3.0657300744110105
4,2.5110300144846405
4,0.8588022401208586
4,1.9306054662265368
4,1.778004519823702
4,2.619964931110046
4,4.61155895124702
4,1.3284220020553708
4,6.566493955256582
4,4.741237697491086
4,0.6830810807603802
4,3.915009447134659
4,5.023556005951015
4,0.28643299031154124
4,2.7998743009141385
4,4.904573653435406
4,1.7814030595121289
4,1.3286183644617284
4,3.48057692736288
4,1.099363669839001
4,3.9456639057510046
4,3.21370837368359
4,1.1685053828714584
4,2.718716167048213
4,0.9553310184757744
4,4.415577938213569
4,3.862483869133383
4,1.7366447050191354
4,4.059062823871499
4,4.976279872134882
4,0.7090871302019
4,3.679912107256239
4,0.7062684587553352
4,1.6232210190894696
4,0.8760347967613803
4,6.394479269234169
4,0.5409857254883902
4,2.5886826578910873
4,1.3693595244832244
4,4.172705794167705
4,3.157880539642202
4,2.9725573151827716
4,1.3446884054922574
4,1.0531401809098395
4,9.37048541284747
4,4.23446023179359
4,1.8901293574918665
4,1.8296995264098717
4,1.9639681311809416
4,0.043108824067377774
4,6.990820039203511
4,7.835922903616149
4,2.6068948954851665
4,3.800821796090217
4,3.498390080477924
4,0.9768771617294819
4,1.716559498310544
4,0.2479918987510004
4,0.8669318153434658
4,2.064754239735193
4,6.684296064475384
4,3.790859642265496
4,3.185249276387451
4,2.0810719771602524
4,2.313233911833712
4,1.3038458399398112
4,4.691668688452556
4,0.45797480726051704
4,3.1222594042437817
4,4.665277026110456
4,1.0023077225641832
4,3.7355761698796974
4,2.5036644253060105
4,0.1433268613397105
4,0.8940476072772118
4,2.2695830519395104
4,0.1834771833420469
4,1.4654159426594773
4,0.701726843922312
4,5.394550315233952
4,0.2702419686367161
4,11.011674229990515
4,3.358972461600017
4,3.6508769199441025
4,3.591276166707664
4,0.3571367982975532
4,1.6355655693819315
4,2.52481334445023
4,4.605924814260897
4,2.433521814547866
4,2.6513146440957707
4,0.8670047204588757
4,7.855977976764757
4,2.6625850332177103
4,0.9912870273923532
4,2.5128216044056906
4,4.221110213124343
4,8.281889479002233
4,4.4654541454696375
4,1.0252697007627918
4,0.6601850759867617
4,7.779139061347027
4,6.048919842696845
4,1.721231355052236
4,3.1174687479583425
4,0.3411355618064892
4,0.9569079325862136
4,1.949657214672585
4,2.9788970074584
4,2.1520472004580498
4,1.4045956332202256
4,2.879614372096336
4,1.6705092915130824
4,0.40130181381024077
4,6.346846755923587
4,1.6219538087320196
4,2.820193155367034
4,4.095515583291723
4,1.6626379866392194
4,4.564605123431535
4,4.008873845922265
4,0.36251285585132803
4,3.0993398350894434
4,0.5916869805481788
4,1.4400251468652165
4,2.429088969484629
4,7.513942714304238
4,4.780632352596047
4,2.314358257739333
4,0.46957367457405985
4,1.6970669420941151
4,1.5427042337968928
4,3.732747525131523
4,1.02563554861393
4,4.325774541263521
4,2.3665255058317727
4,0.23774879625998616
4,1.8962977033407606
4,9.917707228450428
4,0.1969199371858155
4,1.2122108579603776
4,10.448915287202048
4,0.6697562526191536
4,1.0129072044607434
4,5.096185281514321
4,5.065085957886203
4,7.31862068767283
4,2.05132030418073
4,2.199928872512596
4,1.3848311777940359
4,4.944504894162627
4,4.503769564869301
4,4.959258350388139
4,2.02559585039872
4,3.0724959504010014
4,4.595139148269424
4,1.6962991185275131
4,9.273806740313033
4,7.014007254716658
4,3.3729952508317216
4,2.8887802388341415
4,7.077874813427409
4,2.6112575328450878
4,2.7078409190891626
4,2.4537011183952546
4,1.7980847960296396
4,3.4640609525063755
4,0.19901067241706646
4,9.204424720383487
4,0.14951942507849203
4,3.8972954843107375
4,3.6833735760394952
4,0.9147814807962592
4,1.1158088191173414
4,1.0606540547672054
4,4.603624558760437
4,3.1480161108784857
4,1.9718056693548978
4,4.419977135282166
4,3.8431694517044117
4,0.43596888962483665
4,1.1465228755802914
4,3.1384171732767134
4,0.8605237514953209
4,4.050349987547469
4,5.8206679220873285
4,2.027270557941354
4,9.183657196253364
4,3.514737281831931
4,2.9781254232762273
4,1.4317381379683443
4,7.8347720576711595
4,0.6512013866850145
4,1.653597754066387
4,1.3915073731541765
4,8.052031127748858
4,3.3378435537299653
4,2.317024643457047
4,2.43037288161814
4,4.097378851885665
4,1.8150458148657953
4,2.1797171566047773
4,0.5066977832127663
4,3.380639135355635
4,3.035748464130909
4,0.8640853293382598
4,2.4383651554914203
4,4.149971409266322
4,4.591230997831123
4,3.361037034648594
4,3.35639518906962
4,1.743300397956122
4,11.156874478500802
4,3.7629126795731582
4,2.6027391381597935
4,1.3852990718022318
4,0.84505434053719
4,3.7375480402136834
4,0.5937923294248861
4,0.9440109179236812
4,0.9507676980946878
4,0.6950117405691245
4,3.1471968466192033
4,2.7653015596611725
4,5.715106194973283
4,0.8854200393097047
4,3.8361930292621365
4,1.6951521559579033
4,0.585853272053574
4,0.9899514094405972
4,0.16596575166550606
4,1.7666487176551173
4,0.12828454337677087
4,3.8870279842458944
4,10.6303284261839
4,6.433189286890063
4,4.086574546904268
4,0.5185254118898155
4,1.1252445079788298
4,0.812311398109475
4,3.4826739786305647
4,0.43859886461146613
4,5.851094399352956
4,2.4867800570815017
4,5.757575655394073
4,6.642755652484174
4,5.7536567112731625
4,5.914561372349646
4,1.8549194726679963
4,4.558051130881073
4,4.811709669327052
4,4.863893822208653
4,2.35241657433839
4,1.7794791613295275
4,4.910357600172397
4,2.2071254956177904
4,1.0910702423059182
4,0.3363359071815844
4,6.199527908927666
4,1.3913426940053517
4,0.6302300302043065
4,1.1342677223096098
4,6.979664156103073
4,4.889997683855995
4,0.9885959307964246
4,4.649002682576073
4,4.420149242109456
4,0.09206518210208171
4,1.298488720804113
4,1.0382609561828766
4,2.77705005014358
4,3.9387720109009465
4,2.0557193577481168
4,1.7154913255256778
4,4.006442145669872
4,1.9524766489291585
4,1.1559326019187095
4,0.7793095128166875
4,2.944030248387269
4,0.4192647447365804
4,2.8041968736510787
4,5.421901075013511
4,1.1594197002094313
4,4.094607525033134
4,6.109956718605204
4,2.1484149460740074
4,3.3592772221788345
4,4.792243026933533
4,3.3338189064482404
4,5.70709832186901
4,1.7751265308693251
4,1.3117860848887464
4,6.4554715399687685
4,2.0755356607202593
4,0.8986465586997194
4,1.5144142974823678
4,3.3226767319044272
4,1.6135021862778351
4,2.5817510447688297
4,1.8256796894580223
4,2.5717112849636266
4,0.5441918810220802
4,6.971591208884594
4,1.9835173015268612
4,4.023047811739683
4,1.8142601766405198
4,1.4236114148835397
4,5.205772225987462
4,1.1059841662845575
4,3.6310940254648982
4,2.3445165802016557
4,2.4915166666112127
4,1.4059320177331316
4,1.0643692006335275
4,5.226823261765282
4,2.5176623719155655
4,4.493516394697368
4,5.112091170563673
4,4.228519848614976
4,1.6975296815893686
4,2.0906535057747986
4,4.566417081772522
4,2.5342529685065927
4,0.4708114457266222
4,4.519123066605544
4,6.920073902447603
4,3.758665491711739
4,1.900554290673424
4,1.7481650360396772
4,1.228611478334793
4,8.489074536541713
4,1.4176698051071208
4,3.7351712438362283
4,4.664481304860832
4,2.6379652504162254
4,10.82723046900832
4,5.531953698690761
4,0.17574901575893925
4,7.103666068915204
4,3.260084910001489
4,2.2729641233537663
4,2.5245573250531095
4,1.2199940956373365
4,0.7207233758138132
4,0.07929160676325682
4,0.09966478553290405
4,2.6718778981940297
4,0.9518370365505519
4,1.2914654804141417
4,1.0019665760522154
4,3.898172472246636
4,2.2195400852461247
4,1.3790071287196355
4,6.260673241807892
4,4.432235477809039
4,5.712947678074163
4,2.430699108784091
4,2.8569536061473455
4,1.1358183478131312
4,4.737914432532208
4,6.649473046110167
4,2.9523568117398433
4,0.5850414760745423
4,0.57488679068774
4,2.2608341275574997
4,4.161301729069173
4,11.42171930261768
4,2.320203760485029
4,4.9391148487478445
4,2.8645633836177016
4,3.322738806621539
4,2.0354081745031887
4,6.505096015472883
4,0.23094729224005395
4,2.4894693567031325
4,4.542973115434454
4,1.0934527970093364
4,1.866816468337095
4,1.632038814379367
4,0.5456582515017179
4,3.9367011177291555
4,4.244111794566149
4,4.043878743456916
4,1.9028510960260494
4,2.111985237071614
4,0.09928689599127632
4,0.5256791859166634
4,0.539096385773021
4,5.827333782035227
4,1.2409484200416574
4,3.5752806022834607
4,6.715385470096807
4,7.002416856424969
4,0.2800624786804693
4,3.2748911284312126
4,5.669691689832648
4,0.6087955044857299
4,1.8908680256922439
4,10.250605252855284
4,1.0188127387372106
4,1.6961578372894763
4,1.3055498904496325
4,6.24906589031026
4,3.244736715395637
4,5.09781601817704
4,7.479115374971802
4,2.575857029602265
4,1.6232414699315096
4,0.34866859619641927
4,1.6207089386364026
4,1.7279916055221247
4,5.262287476749805
4,1.590436306462099
4,0.9891472750553801
4,2.2218795488115735
4,0.49823101555525035
4,1.7306768683654137
4,6.003349272616159
4,2.276749117064332
4,1.1346570987066864
4,8.625647172198683
4,1.5206514291811404
4,4.449411757707623
4,0.3273364712955237
4,3.879270745002161
4,6.144840357444677
4,1.890435887708184
4,0.5227341988659989
4,5.502652291722964
4,2.4636352238879775
4,1.6747334935195057
4,1.3783314919609915
4,3.4931803216466633
4,6.161691136269387
4,1.3739672529917257
4,2.6659875641225215
4,0.727194570162684
4,0.2099438820443419
4,2.2490256440616987
4,1.3339841330804065
4,1.023896584887092
4,2.361059850193497
4,3.8108701111531884
4,0.5310867928609472
4,5.684978244425334
4,7.422324412225075
4,0.5910007245073321
4,1.0700266707772523
4,0.2446331748660536
4,2.557433209646285
4,0.7050113093239897
4,4.2779228411448615
4,2.5717791855876153
4,2.3221733134671907
4,1.187634189363283
4,4.3457482253004995
4,2.4846475925666427
4,2.9892155236670646
4,3.9201557168637122
4,2.286416539533381
4,2.3625312520924537
4,1.323776429933321
4,2.2200842506459875
4,5.544359559313254
4,1.3246603566864064
4,2.257039394982092
4,3.0633398060053763
4,0.30356355791355233
4,1.3753446753248633
4,5.275094780611855
4,0.7050585466502342
4,1.0573380826650602
4,0.3968808386133679
4,2.5171175403096706
4,1.4901429714486139
4,2.7166569895815185
4,1.940304982178892
4,3.3562090641712006
4,0.6311920318347106
4,5.218198207041363
4,2.47652588080505
4,2.8258655094712575
4,5.354561217408886
4,3.1825754751502413
4,6.374202920970577
4,6.256724483509102
4,6.905370232539194
4,3.568968158401454
4,0.09477662983619403
4,2.893257519827522
4,5.322095891195941
4,7.661650316573583
4,4.511075208202725
4,5.707140578631152
4,0.08527577779733872
4,4.49014925988263
4,1.1973041582451909
4,6.822499533154348
4,0.936869048254089
4,1.185802729597633
4,2.611249213785685
4,3.3650029790351126
4,0.27007277922935935
4,7.600984082126731
4,1.254859741509467
4,3.250239736455839
4,0.12432622227444402
4,3.646160980012956
4,0.4761548655978959
4,1.5330296755896624
4,1.238737662184039
4,0.8683957201342667
4,3.5939702139124146
4,3.4894986851756995
4,2.6913245701990482
4,0.427298095312017
4,4.677171347477588
4,0.18945184558635897
4,3.541649212321528
4,1.6028281110424598
4,3.134813359987708
4,0.7126975966702395
4,0.10173556894466633
4,3.2562347430105207
4,5.20651799263025
4,3.8787993456955228
4,4.334485709990591
4,3.96654629954058
4,1.034575307994752
4,7.932217196788879
4,3.407173227287408
4,3.1229300694400552
4,2.131643731703843
4,0.9248881696983067
4,3.521449777602143
4,6.715812213521747
4,1.2475255650313595
4,5.0595135352060945
4,0.25489002260783555
4,1.8115893620889918
4,8.784004324664668
4,4.0234464837805985
4,5.175540725597804
4,2.702145766010154
4,6.747721196408582
4,7.832569958305186
4,0.6683533725428914
4,8.517378441929756
4,2.5789102684270637
4,5.9949635525337115
4,1.9133715708508916
4,1.178574745207599
4,2.060186530967029
4,0.6558960879601063
4,5.939528324424804
4,2.6350193276017486
4,0.6187748260127699
4,1.1677977868362526
4,3.7868926775666276
4,3.3150170777820906
4,7.174137199339464
4,1.7186813081955408
4,1.9046348680266054
4,9.245363639368348
4,1.7706682441969732
4,6.09976104218966
4,1.9710979880321653
4,1.2293815940242443
4,2.889970664049919
4,2.5540882159086538
4,0.5418600685515486
4,4.278903447225435
4,0.8479984984408644
4,2.192747558850147
4,2.3123392342926343
4,1.8523958361621655
4,1.1013408512108271
4,0.8852453291937236
4,9.648198909710695
4,9.789057480430698
4,1.9795767843600338
4,1.7914460712001152
4,3.7756108799439505
4,1.0256493744985153
4,3.844001896851985
4,6.323329490593607
4,0.04068808585765937
4,5.692298355144387
4,4.2633782712952115
4,0.10027231208029753
4,0.3585891624044837
4,3.0123198852175355
4,3.348834811198733
4,1.20096785446034
4,6.9099761693388055
4,3.9161395729124773
4,2.74905334666731
4,2.3952547347263287
4,1.4984048318845795
4,1.1371777520682367
4,1.0253567587908425
4,1.6593408201667
4,3.1830544579932707
4,8.663273921285183
4,1.5217951098864333
4,4.616110324378663
4,1.7184514003269529
4,3.919655325871065
4,8.109102872860593
4,0.967274005079772
4,0.499376484183612
4,6.732404190172268
4,0.6818376723482967
4,1.0680813898088846
4,1.2872110827965246
4,0.7638832883576202
4,1.9944349881438466
4,1.2857111098129732
4,6.831317760263603
4,3.4140872505521918
4,3.4124114619688295
4,0.6827980654887812
4,1.6787968114111345
4,0.9363320242668649
4,0.655494369472178
4,4.211072151346362
4,2.3821453039212024
4,0.9691945405706592
4,5.343431807357047
4,3.4729049551285636
4,1.5453778620739833
4,2.773656294305901
4,8.289476144366706
4,2.478783670135573
4,1.733016680013283
4,5.070375718633757
4,5.359897936828187
4,4.643207901876083
4,2.1179556911514346
4,4.710455514256814
4,3.3220179905629874
4,2.027722039419234
4,0.77066589456755
4,3.36963117243207
4,1.6266365483392382
4,1.6610002020404784
4,2.4750436890394862
4,4.409800793601761
4,0.7600941987159622
4,5.48881801210209
4,5.971362276400195
4,0.8973205585960968
4,2.5237024581019734
4,6.018638182860869
4,3.5451568363637493
4,2.141533957152683
4,6.878174719985983
4,5.4688493094026125
4,2.4778624461664833
4,1.8367268339765868
4,0.6317043763265582
4,1.8207678215240888
4,2.925866778899016
4,3.310209998893219
4,4.969472989341716
4,1.0683120468028169
4,1.7036489061638218
4,1.2584773923685315
4,0.2218327387395755
4,1.684425731696095
4,2.7466743320144724
4,3.826364701632232
4,2.0876851091169555
4,1.9278773140083068
4,3.46017228189235
4,8.890113946633809
4,1.9237605613938302
4,1.3572286306534258
4,1.4002790539090826
4,2.9882279248984984
4,0.6877989548696645
4,4.588125765326562
4,1.6433655684407
4,1.3423903234794365
4,0.7111770009115825
4,6.153936442775228
4,5.390208413988168
4,1.5555047113532277
4,2.5172322049667697
4,2.128074335085839
4,1.5717080251471258
4,2.0619184952933978
4,1.0883419357935415
4,5.0938655227773415
4,6.160506566739425
4,1.844947435504645
4,0.1796794122150163
4,1.5612268595258105
4,1.0717943219280686
4,7.982160546355874
4,0.5295793524563057
4,1.5680590596426323
4,2.1352400608664146
4,6.028398351198083
4,3.752938103389046
4,4.025722019366952
4,0.7875515271847405
4,6.159587692265676
4,2.132582826783162
4,0.728476153956011
4,0.45754015252651725
4,3.939034872160504
4,6.025845541821441
4,8.378809283379935
4,3.8736706687890265
4,3.145039322510251
4,1.9682829046052845
4,10.623304058965182
4,3.1500785059342262
4,0.588627918990987
4,1.062806277611758
4,1.64319677279058
4,4.098574974372974
4,0.6625580346872475
4,0.9256873105530968
4,1.0932830773894846
4,2.8351688744280406
4,1.6347039900521878
4,1.0730401480514045
4,3.48198974957216
4,1.0030304116021007
4,2.2330731001374406
4,2.732458657983502
4,5.592822982051091
4,2.7601342179856627
4,2.1582465752234583
4,4.625694895037305
4,1.164532865002374
4,2.2144501198542774
4,0.7240091859316097
4,10.77640133748908
4,1.7488515869320682
4,2.811350384411403
4,2.849577740983673
4,1.1443289915662624
4,3.91474943815747
4,2.0670747706068053
4,2.917824509284027
4,4.31415103622955
4,2.3116078893932195
4,2.121292358350304
4,1.9090926301214002
4,4.150077942590308
4,1.7669861342199955
4,4.684055831029683
4,3.1269602061152977
4,3.610859600967636
4,0.6972626455503861
4,5.35686039904684
4,4.573245069984112
4,1.254657807975915
4,2.517616244973514
4,14.159671774866338
4,4.4930986263437385
4,1.4431786094519226
4,4.3910048965273045
4,0.8410832312192816
4,1.7982503917307855
4,3.2211636948829856
4,1.898746156915375
4,1.2578888071913554
4,6.430485383167681
4,4.354114589718965
4,4.70185425815428
4,6.961475393981533
4,4.067092763752067
4,1.9730701401703197
4,4.77323882320246
4,2.201711733251757
4,1.7926532569178013
4,2.884875580156535
4,4.410437715804722
4,0.44764178593126425
4,0.3095629749978655
4,0.40257372702455824
4,1.0276456220511547
4,2.6963810766344434
4,2.8270171185159776
4,2.147260636913828
4,4.971788022028777
4,1.800794910903803
4,1.7266220381756285
4,5.001664455473239
4,1.1048738202780435
4,3.2370373695308916
4,3.9080235036891553
4,5.771473107046735
4,3.019857211546829
4,8.204988415481191
4,1.2022175356908058
4,4.373516492179224
4,3.3464904252873082
4,0.48049564811722767
4,1.6468443665044854
4,0.8358312743121035
4,3.374780048514685
4,3.591431058943573
4,2.118263217185417
4,5.912595969457152
4,3.583109122349391
4,2.336935997637814
4,0.0956488543880064
4,0.7074080320854819
4,3.801974164777077
4,3.3996681884953066
4,0.6506884306230944
4,6.870082361631085
4,0.8148519289695203
4,0.8310251218919054
4,1.316934447328753
4,5.663499479893381
4,8.86860434301202
4,9.222909988266014
4,2.8413049975759903
4,0.6785118102822714
4,2.4824436502963088
4,2.4648067722266056
4,0.8622035039728103
4,2.500660676762042
4,2.685221138797649
4,1.3494683424276461
4,6.7618402787333025
4,2.4254211420034126
4,0.07165414001901071
4,3.889627412297891
4,1.4950395061889912
4,0.7464815430105449
4,0.6578648859392296
4,1.6380423068269117
4,4.144300298530944
4,2.4157951384604517
4,2.801201698842177
4,3.5502077492777895
4,1.0647028958919917
4,0.12530464700373234
4,4.203728340487302
4,1.3748657245026574
4,4.5720413054138485
4,3.1941169664727616
4,3.2034137067562685
4,3.5608646306550025
4,1.4344913589433261
4,0.6063913207945901
4,3.918189369718914
4,4.0366153056261735
4,2.7553851300524412
4,0.5176594347055368
4,0.7349977556277231
4,1.3123958879940372
4,3.193989241925628
4,5.221604006667281
4,0.6182559174678103
4,1.7112602752335457
4,1.75312683631219
4,1.391466792791811
4,3.4425380748166563
4,0.8892001550839147
4,3.4305171010034576
4,3.478893380059357
4,0.6813980798174136
4,1.0203399634382477
4,4.114442907853406
4,1.315586518078292
4,1.7011983645837687
4,1.2352415406927606
4,5.861100789368255
4,0.2434513825491069
4,1.606634461767516
4,1.8229773519377117
4,0.9333591008892281
4,0.6649654743682826
4,6.979418456131097
4,4.626605254716268
4,2.3752039088379315
4,2.2512307122743054
4,2.460062144828315
4,9.098589561010654
4,4.613671288599536
4,4.1339129410825395
4,3.2250099310875795
4,3.835859825322492
4,4.367054385830607
4,2.547414964188987
4,3.382794598792811
4,5.4446903929569
4,0.5199292731991312
4,1.105101948585779
4,1.3774478865318365
4,3.919203479086201
4,0.39365320595905645
4,1.5389810543093478
4,3.700800492361639
4,10.712925573596225
4,2.2969587047767983
4,0.3599525421194989
4,2.1583274432664155
4,8.833988213840943
4,4.664733414886468
4,1.1749029000451054
4,1.0763124885100703
4,1.9266331867762645
4,1.8048180599891792
4,1.5115863297022476
4,7.1006622609603935
4,2.3254664641634166
4,1.8691751987688867
4,2.0580696399843132
4,1.6719164944863683
4,4.623385812614622
4,2.880941202647596
4,2.6145801736441907
4,0.7605126776490296
5,1.1432855315354964
5,1.3837321735747758
5,3.6792501972325837
5,0.39222902588421915
5,4.525474380905882
5,1.8178657274182073
5,1.4144064231861508
5,1.1422071331008095
5,0.4984508730119465
5,1.8028880901085376
