0,-2.87007
0,-1.1387
0,-2.22595
0,2.28952
0,2.64203
0,-2.58777
0,-4.06937
0,-1.95586
0,1.37314
0,-1.33543
0,2.74921
0,2.75454
0,-3.22356
0,2.8284
0,-0.649001
0,-3.02113
0,-2.69321
0,0.861474
0,3.37266
0,1.73984
0,2.24869
0,-2.63178
0,1.35246
0,2.28338
0,2.43067
0,2.73915
0,1.62089
0,2.74761
0,-1.88853
0,-3.09096
0,-4.86111
0,0.839056
0,-1.99158
0,-2.24021
0,2.56072
0,-3.83543
0,-0.754406
0,-3.16932
0,-2.17496
0,3.23211
0,-3.58486
0,-2.36911
0,-1.45862
0,2.26574
0,2.24131
0,-2.7
0,2.44729
0,2.81063
0,-3.40668
0,2.9611
0,-1.71795
0,-2.0055
0,2.34199
0,3.65863
0,-0.920132
0,3.23331
0,-2.85909
0,3.66254
0,3.28736
0,-1.04322
0,-2.05093
0,-0.481126
0,-0.818507
0,1.13124
0,3.35866
0,3.3827
0,-0.941153
0,2.12439
0,-1.48927
0,4.87048
0,-1.0136
0,-2.45857
0,3.23224
0,0.12515
0,-0.925958
0,4.55226
0,-2.62929
0,2.61806
0,-1.79974
0,-3.70535
0,3.34405
0,-3.50487
0,-3.24795
0,-5.24374
0,-2.03384
0,1.38482
0,3.3538
0,3.08198
0,-2.22131
0,0.940735
0,2.64626
0,-3.32628
0,-3.63917
0,4.4419
0,-1.0088
0,-2.35666
0,-0.497111
0,-2.61572
0,-2.0629
0,3.64656
0,2.51801
0,1.56589
0,2.24901
0,3.09803
0,0.536134
0,1.18538
0,3.41659
0,-1.27357
0,3.10927
0,2.37107
0,3.69257
0,-0.593461
0,2.61181
0,-1.43537
0,-3.14848
0,-2.40115
0,2.48105
0,2.47466
0,2.56307
0,2.69576
0,-4.89436
0,1.83047
0,1.86886
0,2.42236
0,-1.20625
0,4.41799
0,2.24766
0,-3.64925
0,-2.85283
0,-3.20391
0,-1.5697
0,1.28454
0,2.33102
0,-3.31021
0,4.77276
0,3.86696
0,-2.54264
0,3.49986
0,-3.87185
0,-3.77861
0,1.94023
0,2.74323
0,-3.02364
0,-3.56122
0,-3.32431
0,2.64702
0,-2.24362
0,2.9621
0,3.31431
0,2.80834
0,-3.10578
0,3.10742
0,-2.75806
0,0.911714
0,3.66219
0,-3.46139
0,0.606604
0,-2.70414
0,2.63593
0,-1.10933
0,-1.68275
0,4.31598
0,1.55066
0,2.543
0,2.59112
0,0.887407
0,-2.07081
0,-3.49539
0,3.71231
0,2.96192
0,-2.37522
0,3.77995
0,1.95529
0,-1.50324
0,1.10957
0,-0.584052
0,1.22993
0,-2.46277
0,1.38367
0,-2.17321
0,-0.350114
0,-3.60891
0,-2.99732
0,3.77318
0,1.88632
0,3.33122
0,-2.97811
0,1.60529
0,4.39232
0,2.4282
0,1.59529
0,2.86853
0,2.85431
0,0.91251
0,-3.66461
0,5.04115
0,-3.2965
0,-1.10822
0,4.29656
0,0.878576
0,1.7453
0,-2.01332
0,-0.932489
0,1.26944
0,0.954469
0,-2.64234
0,-2.85516
0,-1.73618
0,3.43382
0,-1.09706
0,3.55378
0,4.07691
0,-2.99309
0,1.80662
0,-0.356305
0,3.13962
0,-3.47674
0,-2.6899
0,3.1693
0,2.57022
0,4.80013
0,-2.88248
0,1.92815
0,2.90396
0,-3.54352
0,2.39854
0,3.65686
0,1.79318
0,2.56581
0,-3.43201
0,2.01863
0,1.2524
0,-2.10864
0,-3.89072
0,2.88382
0,-2.14138
0,-2.48523
0,2.88359
0,-3.01669
0,-2.09137
0,0.89459
0,-2.80343
0,4.76247
0,-2.50674
0,-3.00194
0,-1.857
0,-1.33371
0,-2.57176
0,-3.03288
0,0.730973
0,-1.4005
0,2.89788
0,2.77115
0,-3.16875
0,-2.72955
0,-1.99297
0,2.93855
0,-2.83553
0,-0.0413354
0,-2.93704
0,2.71677
0,-2.4181
0,1.94528
0,-2.22397
0,-1.13613
0,4.64033
0,-3.17785
0,2.50314
0,-4.0065
0,1.59734
0,1.82324
0,1.95472
0,-1.91921
0,3.71625
0,-2.26674
0,2.29257
0,2.90391
0,-3.26097
0,3.07791
0,-4.04284
0,-2.28652
0,-3.60937
0,-3.55244
0,-3.57811
0,3.28558
0,-4.50235
0,-1.73632
0,2.55325
0,-3.733
0,3.31186
0,-2.62387
0,-2.69828
0,-4.85939
0,-1.25465
0,2.35909
0,0.5529
0,-2.60906
0,-1.5096
0,2.14429
0,-1.22884
0,-2.99017
0,-4.29019
0,2.20678
0,2.43873
0,-2.71189
0,-4.772
0,-1.07237
0,-2.21518
0,-2.08341
0,3.55941
0,1.54931
0,1.83395
0,-1.42828
0,-2.39983
0,-2.02229
0,1.21714
0,-2.63738
0,-2.52326
0,3.37872
0,-1.76469
0,2.60049
0,2.45054
0,1.21557
0,4.42427
0,-4.48826
0,2.34893
0,-3.57513
0,-2.1804
0,0.225654
0,-1.82164
0,-3.38778
0,-1.80266
0,3.1229
0,-2.462
0,3.39681
0,-3.16366
0,2.97037
0,3.93915
0,-2.59529
0,-2.7937
0,2.86547
0,-1.53378
0,2.19954
0,-2.29634
0,-2.96578
0,-3.60981
0,3.87588
0,-2.16911
0,2.11827
0,2.17316
0,2.51659
0,-1.80423
0,3.70119
0,3.00098
0,0.61319
0,-2.15568
0,2.1727
0,-1.90133
0,-3.01325
0,3.18699
0,2.25088
0,1.56207
0,2.19791
0,2.74911
0,-1.81005
0,1.13549
0,1.47189
0,3.17683
0,-2.10692
0,-3.51852
0,2.59145
0,-2.85062
0,2.29545
0,2.58647
0,2.45633
0,-2.87163
0,1.71988
0,-3.40156
0,3.17193
0,-2.45803
0,2.61058
0,-1.83527
0,2.91756
0,-4.2212
0,1.7488
0,2.27493
0,3.65417
0,3.26137
0,1.11942
0,2.60917
0,-3.59322
0,-3.61509
0,2.09847
0,-3.32695
0,-0.214248
0,-0.105873
0,-3.11194
0,2.04227
0,2.55668
0,-0.496244
0,-2.83106
0,-3.47257
0,-2.35986
0,-1.79741
0,2.02004
0,-1.36186
0,-0.192038
0,1.16742
0,1.87692
0,2.73524
0,0.608762
0,-2.9787
0,-0.770917
0,2.30614
0,2.50475
0,1.91267
0,-2.88901
0,-3.57628
0,2.31114
0,2.6247
0,3.29227
0,2.11381
0,-2.77283
0,-0.729184
0,-2.23057
0,-3.03508
0,-3.78368
0,2.29687
0,-4.11046
0,3.10967
0,-2.74323
0,-1.62441
0,1.88438
0,2.66418
0,2.29743
0,-3.02937
0,2.94605
0,-2.19268
0,-2.27474
0,-2.78245
0,-3.92171
0,2.39627
0,-3.4662
0,-1.61492
0,-3.04509
0,-1.73766
0,3.50306
0,1.96134
0,1.90556
0,-1.54922
0,-3.38658
0,0.909558
0,-2.19179
0,3.36505
0,-4.75021
0,-3.21597
0,2.41553
0,-2.82366
0,3.27179
0,-1.96217
0,2.1091
0,3.12734
0,-2.44073
0,3.79184
0,-2.17034
0,2.33687
0,-2.56979
0,3.67677
0,-3.11186
0,-3.8178
0,-2.6162
0,0.79237
0,-1.97831
0,-2.8079
0,-2.3893
0,-1.36772
0,2.63828
0,3.38572
0,-3.34477
0,-2.20563
0,-3.855
0,1.55749
0,-2.26218
0,1.11601
0,0.497769
0,2.84684
0,3.78678
0,2.09258
0,-2.649
0,-2.38406
0,-2.75989
0,2.04357
0,-2.41995
0,-2.86062
0,-3.5366
0,2.35551
0,-2.94385
0,-1.97519
0,-2.31759
0,4.5545
0,-4.44704
0,2.05335
0,-2.52507
0,3.34593
0,2.53932
0,-1.79762
0,-0.719213
0,-3.08828
0,-1.1364
0,-2.25946
0,3.93814
0,-2.5959
0,-2.64735
0,3.45866
0,2.92012
0,-2.17547
0,-3.12221
0,-1.41033
0,-4.06262
0,-3.57064
0,-2.69139
0,-2.07148
0,1.16471
0,1.85167
0,-1.72862
0,2.3381
0,-3.21583
0,2.11331
0,-3.10032
0,-3.10726
0,-2.89831
0,4.35636
0,2.19526
0,-3.63084
0,2.31604
0,-1.24436
0,0.024698
0,-2.87614
0,-2.98359
0,-2.99869
0,2.93467
0,2.82976
0,4.42887
0,3.18675
0,2.26921
0,2.50842
0,-1.47369
0,-4.5188
0,3.2337
0,-2.15664
0,1.81587
0,1.85555
0,-2.8222
0,1.36414
0,-3.52369
0,-2.38776
0,-5.16145
0,0.0747411
0,2.6711
0,-0.183643
0,-4.00979
0,-3.07013
0,3.58976
0,5.75363
0,-3.51491
0,2.75516
0,3.24349
0,-2.73393
0,1.61351
0,-3.20005
0,-2.98492
0,2.90689
0,-3.85356
0,-2.83442
0,2.2176
0,3.34831
0,1.96096
0,-3.04202
0,1.83905
0,-1.863
0,2.11716
0,1.21324
0,2.07001
0,2.09117
0,1.93751
0,3.36689
0,1.76162
0,2.67083
0,2.06113
0,-2.47522
0,3.19083
0,2.42903
0,3.40279
0,-3.90344
0,1.96596
0,0.057536
0,2.57111
0,-2.63654
0,3.81465
0,-2.41211
0,2.50505
0,2.80654
0,1.98102
0,3.24366
0,3.20935
0,-3.06396
0,1.30788
0,1.25569
0,4.3015
0,-3.80992
0,1.71519
0,-1.51427
0,3.43848
0,-1.42624
0,4.33755
0,2.2471
0,0.594957
0,2.17631
0,-1.575
0,1.85403
0,-2.53553
0,-3.25606
0,2.33918
0,-3.50246
0,2.77434
0,2.82801
0,-2.86317
0,2.84124
0,1.46738
0,-2.52921
0,-2.84347
0,1.89674
0,-1.82967
0,-2.11241
0,-1.6506
0,-0.620847
0,2.51816
0,2.51785
0,-2.32388
0,-2.00589
0,-1.97222
0,-2.74789
0,2.59884
0,-2.46386
0,2.13005
0,1.71988
0,1.16683
0,3.48941
0,0.665059
0,1.80901
0,1.37934
0,2.00484
0,2.36862
0,1.62433
0,-2.91216
0,-3.13499
0,4.37417
0,3.02597
0,3.245
0,-2.62802
0,3.33824
0,-2.73941
0,1.35736
0,-0.961748
0,1.57421
0,1.10671
0,-3.21639
0,3.25443
0,1.47557
0,2.33036
0,-3.30656
0,-2.48084
0,-2.02271
0,1.05027
0,2.07783
0,2.68817
0,2.61131
0,-1.53389
0,2.38132
0,1.26655
0,-1.92389
0,2.59619
0,-2.06876
0,3.44763
0,-3.29181
0,3.85581
0,2.94947
0,2.62516
0,1.98908
0,3.53223
0,-1.78835
0,2.98285
0,-3.62119
0,4.31745
0,-3.20815
0,-0.917192
0,-2.83604
0,-1.77257
0,4.19471
0,-2.71495
0,0.931597
0,1.15436
0,3.5952
0,-2.44568
0,2.47865
0,3.09324
0,4.29535
0,3.48228
0,-1.20757
0,-3.45153
0,-1.89984
0,-3.176
0,2.42552
0,-4.41987
0,-2.36228
0,-2.28326
0,-4.44232
0,-3.17603
0,2.35367
0,2.46544
0,-4.54333
0,2.09962
0,3.86267
0,1.57002
0,1.78803
0,-2.6801
0,1.92001
0,-2.06937
0,2.63196
0,-0.923923
0,2.4221
0,3.51013
0,3.76986
0,-2.88958
0,1.8213
0,-2.40687
0,2.1257
0,-3.42536
0,2.50049
0,-2.4531
0,1.97305
0,-1.53322
0,2.31452
0,2.59545
0,2.42116
0,-1.59035
0,2.45875
0,1.93158
0,-2.85198
0,3.01109
0,-3.75767
0,2.40931
0,2.52474
0,3.5676
0,-3.83984
0,-1.85708
0,3.74695
0,-2.49173
0,-3.68326
0,3.51518
0,3.82525
0,-2.92812
0,-1.7134
0,-2.25536
0,-2.79882
0,4.28379
0,-1.66979
0,3.28099
0,-3.2122
0,-3.0474
0,3.91749
0,2.74892
0,-4.70495
0,3.09661
0,-3.69775
0,-3.19777
0,-2.8865
0,0.994411
0,2.26209
0,1.16596
0,3.71303
0,2.12965
0,-2.58781
0,-2.44176
0,4.07895
0,-2.98447
0,3.02265
0,-2.09944
0,3.04301
0,-1.68973
0,-2.51029
0,1.97052
0,1.47744
0,3.09229
0,1.934
0,2.71687
0,-1.96569
0,2.23053
0,-3.11565
0,3.25951
0,-3.34934
0,2.14512
0,-1.45741
0,1.75518
0,2.20665
0,-1.64513
0,-2.25829
0,2.15818
0,-1.60466
0,2.8773
0,2.14487
0,-1.6586
0,-2.63095
0,-1.80406
0,3.40441
0,-1.22915
0,-1.08295
0,2.76315
0,2.27831
0,-3.26321
0,-2.63131
0,-2.44069
0,4.56051
0,-2.71947
0,-3.54551
0,-2.28051
0,-2.74789
0,-2.19963
0,-3.32489
0,1.66055
0,0.774063
0,3.47734
0,-1.69839
0,-1.36192
0,1.74591
0,2.96541
0,5.02343
0,-3.77298
0,3.03895
0,1.84469
0,3.13619
0,-1.98579
0,-3.0829
0,2.26893
0,-2.2448
0,0.758625
0,-1.48029
0,0.271679
0,4.14222
0,2.77539
0,-3.10013
0,3.1753
0,-3.05256
0,2.02121
0,-1.05678
0,2.1936
0,3.50955
0,1.99348
0,-2.99713
0,3.31664
0,-4.3329
0,-2.71202
0,2.55821
0,2.36517
0,-3.04891
0,-3.79699
0,-2.25678
0,-4.32512
0,-2.58352
0,2.7326
0,3.37832
0,2.40372
0,-2.80641
0,3.20964
0,-2.51428
0,1.44762
0,-3.56725
0,-1.55507
0,4.41268
0,-3.42585
0,1.85297
0,-2.66456
0,5.12444
0,0.346831
0,0.686402
0,2.66036
0,0.548852
0,-0.853846
0,3.39598
0,2.37535
0,3.73935
0,-3.42899
0,-3.30353
0,-1.92795
0,2.20981
0,2.58935
0,-1.17606
0,3.16715
0,-1.48268
0,-2.09346
0,3.24406
0,-3.09282
0,-1.44384
0,-4.53837
0,2.99282
0,-1.44371
0,-3.10906
0,-2.06593
0,-2.69384
0,-1.82133
0,-1.96997
0,2.58971
0,1.22486
0,3.28887
0,2.55142
0,2.32392
0,-3.85332
0,3.52334
0,4.26594
0,-1.1478
0,3.9495
0,2.14794
0,3.21464
0,-2.3469
0,2.19514
0,-1.14469
0,-3.26882
0,3.84191
0,-1.06882
0,-4.32343
0,-3.79059
0,-2.82875
0,3.43519
0,3.49144
0,2.02647
0,1.16216
0,0.258707
0,-2.28048
0,2.32727
0,-2.72517
0,-1.41265
0,2.21842
0,2.92293
0,-2.6868
0,1.53152
0,4.17716
0,2.56524
0,3.61224
0,-2.41423
0,3.93916
0,2.28003
0,4.01049
0,-2.13873
0,1.18554
0,-2.86022
0,-1.86934
0,3.94758
0,4.76617
0,3.22012
0,3.1649
0,1.39362
0,-3.02699
0,0.910794
0,-2.51315
0,-2.3121
0,3.36934
0,-2.9396
0,1.99549
0,-3.32287
0,-3.68105
0,4.56802
0,-1.62071
0,2.46962
0,-2.01007
0,4.3327
0,-2.32838
0,3.71612
0,2.03977
0,-5.30437
0,2.4238
0,-1.04815
0,-2.49852
0,2.53086
0,2.44201
0,1.33005
0,0.950908
0,-1.75639
0,-3.28193
0,3.22257
0,-3.71873
0,-3.82587
0,-3.92525
0,-2.54003
0,-1.45356
0,2.43497
0,-1.89172
0,2.9455
0,-2.26587
0,2.98112
0,2.76344
1,-3.01872
1,-2.3263
1,-0.916144
1,-1.69653
1,-5.58053
1,-1.73941
1,2.8767
1,2.58405
1,2.42179
1,2.79905
1,-2.31346
1,2.60962
1,-2.25415
1,-0.659194
1,3.36404
1,-2.21997
1,-3.15499
1,-2.05626
1,4.30956
1,1.88021
1,2.86277
1,3.72016
1,1.97148
1,-0.839831
1,1.64655
1,4.15452
1,-3.34482
1,2.85142
1,-0.586723
1,4.36799
1,-3.86157
1,-2.39443
1,2.0131
1,-3.41329
1,3.7847
1,-0.325052
1,3.14338
1,-2.00177
1,3.22604
1,5.23666
1,-2.56808
1,-3.54583
1,2.94481
1,3.34548
1,3.22223
1,-3.14828
1,-2.4648
1,-2.20112
1,-2.92188
1,-0.375901
1,-2.71558
1,3.22821
1,-2.75119
1,2.49307
1,-2.34209
1,2.28952
1,2.75565
1,4.16876
1,2.05736
1,2.38077
1,4.05311
1,-2.75568
1,1.72428
1,-2.675
1,-1.03444
1,-3.73739
1,-3.64476
1,-3.37121
1,1.97152
1,1.91991
1,-1.93572
1,1.20975
1,3.08092
1,-1.93378
1,-3.23494
1,-0.894927
1,3.54362
1,-2.63757
1,2.50934
1,3.61669
1,3.79867
1,4.32593
1,-3.07278
1,-3.64426
1,-3.57745
1,-1.23148
1,-2.138
1,-1.78443
1,-1.42099
1,2.48282
1,-2.30267
1,5.14684
1,-1.57775
1,1.16397
1,4.16463
1,-3.37262
1,2.56151
1,3.84686
1,-3.89415
1,-2.7525
1,2.62076
1,2.42612
1,2.6562
1,-2.02423
1,-2.40675
1,-2.02994
1,2.28068
1,4.03865
1,-2.21328
1,-3.57511
1,-2.67852
1,-2.96029
1,2.88952
1,2.78825
1,-2.03065
1,-2.69081
1,-2.77086
1,-1.71139
1,3.05055
1,-1.45077
1,3.74289
1,-2.84233
1,-2.50481
1,2.22903
1,4.23048
1,3.56698
1,-2.91339
1,2.30321
1,-2.37337
1,-1.69128
1,-1.87267
1,1.73772
1,-2.64812
1,-2.92938
1,-2.98245
1,-3.15395
1,-2.21208
1,-2.87713
1,3.11452
1,-2.69501
1,-1.59411
1,-2.89076
1,-3.10243
1,1.6999
1,3.65304
1,2.61485
1,2.28157
1,3.97055
1,-2.24961
1,-4.12634
1,2.16604
1,-0.49319
1,-3.36252
1,-1.25955
1,2.81407
1,-1.10268
1,-4.92521
1,2.9745
1,2.53198
1,1.50259
1,3.31925
1,2.98545
1,1.5596
1,2.69277
1,5.80177
1,-3.09694
1,1.25064
1,-2.0225
1,0.541592
1,3.13935
1,0.631568
1,1.57701
1,2.0595
1,0.0570655
1,3.25136
1,-0.363326
1,-3.96763
1,2.12404
1,-2.98693
1,-2.50178
1,-4.28846
1,1.81703
1,-2.04761
1,2.47436
1,1.9166
1,1.34008
1,2.7395
1,-3.02651
1,-1.9695
1,-1.68406
1,-1.58132
1,1.71153
1,-3.8509
1,-1.0799
1,-1.51048
1,-3.72812
1,-2.53526
1,-3.59733
1,2.58387
1,-1.98225
1,2.12878
1,1.41787
1,-3.49647
1,-3.09555
1,-3.27488
1,-2.20029
1,2.39007
1,-1.99945
1,-4.67516
1,-1.10984
1,-0.352943
1,-1.53602
1,2.4853
1,-2.82613
1,3.27679
1,2.43535
1,-2.34498
1,-3.2837
1,4.8964
1,3.30531
1,1.19312
1,2.68525
1,3.15206
1,-2.78412
1,1.86048
1,-0.667601
1,-3.27816
1,4.43698
1,-2.62592
1,-3.00225
1,-2.70534
1,4.51959
1,1.77511
1,-3.89459
1,-2.33959
1,2.78838
1,0.906522
1,2.32401
1,1.99111
1,1.55584
1,1.99715
1,3.30975
1,-1.67291
1,2.32016
1,3.0668
1,-1.66616
1,3.04029
1,3.41208
1,-2.28739
1,-2.12867
1,2.40314
1,-2.46835
1,-2.35558
1,2.78496
1,-1.93891
1,4.26188
1,0.625372
1,2.53726
1,-1.26746
1,-1.54641
1,-3.59669
1,-3.99837
1,-2.57485
1,2.60833
1,3.53083
1,-1.89523
1,2.24971
1,0.747552
1,-1.80333
1,2.69997
1,-1.81111
1,1.99622
1,-1.06962
1,2.08402
1,-2.82833
1,-0.539861
1,4.11596
1,3.69594
1,-2.15038
1,2.05472
1,-3.39829
1,-2.5491
1,3.00802
1,1.84538
1,-2.73782
1,-2.74392
1,3.47352
1,3.56965
1,-2.87732
1,2.1985
1,-2.83054
1,-2.01944
1,-1.62179
1,3.09692
1,-3.37214
1,-2.85026
1,-1.84086
1,-2.02235
1,2.87081
1,1.87939
1,-2.10317
1,3.24797
1,3.45491
1,-1.42188
1,-3.74931
1,-1.65407
1,1.67729
1,3.26427
1,-0.377312
1,-0.951193
1,3.48176
1,-4.82543
1,2.159
1,-1.28596
1,1.44601
1,-2.42103
1,-2.01976
1,2.63558
1,-2.58159
1,-2.54494
1,-1.59584
1,-3.27637
1,-2.37555
1,-0.896761
1,2.80194
1,-4.51684
1,2.33896
1,2.48144
1,-2.69443
1,-3.94597
1,-0.237679
1,3.46164
1,3.79394
1,2.65309
1,2.8015
1,4.06576
1,2.95065
1,3.09052
1,-3.75443
1,2.31486
1,2.11591
1,1.47846
1,-2.1861
1,2.33063
1,-1.33024
1,-2.21962
1,-0.511476
1,-3.03016
1,3.40931
1,-2.14357
1,-2.66469
1,3.59122
1,3.45078
1,3.75445
1,3.19762
1,1.14643
1,-2.93807
1,-2.02494
1,-3.61093
1,0.312683
1,-3.01048
1,3.86151
1,-3.70689
1,2.02715
1,-1.69355
1,-2.71104
1,-2.6269
1,1.61521
1,-3.14931
1,1.95585
1,-3.14811
1,2.43319
1,0.531439
1,1.64039
1,-1.58089
1,-4.07923
1,-2.8827
1,3.57198
1,1.9031
1,3.41907
1,2.88711
1,-3.06848
1,-2.08607
1,-3.11661
1,1.45336
1,1.82504
1,2.02775
1,2.07572
1,-0.0141913
1,-1.74348
1,2.16974
1,2.46371
1,1.61825
1,2.21876
1,1.40299
1,-1.98273
1,1.9995
1,-2.80026
1,-1.50655
1,-1.35285
1,1.99984
1,-3.22654
1,1.75152
1,2.51286
1,3.04693
1,-3.46662
1,1.96953
1,-1.59519
1,-2.1239
1,-2.59108
1,1.51886
1,4.00713
1,-1.58944
1,1.32105
1,2.14406
1,2.35871
1,-2.4936
1,-2.87567
1,0.942214
1,-2.20311
1,-2.80531
1,-3.24422
1,0.0750042
1,2.11654
1,-3.04619
1,-3.62054
1,2.77934
1,-2.98519
1,3.19247
1,-3.03342
1,2.25375
1,0.663591
1,2.98325
1,-2.95026
1,2.76604
1,1.60105
1,2.46965
1,-2.49944
1,0.752535
1,-3.78514
1,-4.54516
1,-1.88643
1,1.99986
1,-2.91383
1,-2.38388
1,2.6329
1,3.69186
1,0.895988
1,-1.24569
1,-1.90526
1,1.81106
1,2.36624
1,0.637174
1,-2.81303
1,-3.35136
1,0.51779
1,-1.08056
1,2.56625
1,1.62448
1,-1.58922
1,1.54477
1,-2.67093
1,2.81231
1,2.58996
1,-5.44504
1,4.4694
1,1.51646
1,-1.39038
1,-2.56984
1,2.00422
1,2.31642
1,3.41387
1,-3.68385
1,3.86718
1,2.87878
1,-1.95418
1,1.3414
1,3.86607
1,-1.99431
1,-2.39677
1,1.83778
1,-3.65576
1,-2.03271
1,-2.02637
1,3.58858
1,-2.52533
1,-2.52579
1,-2.6854
1,-3.68193
1,3.5636
1,2.5922
1,3.00636
1,2.05662
1,-2.94721
1,1.00533
1,3.17026
1,3.2815
1,-1.84504
1,-0.674242
1,3.84966
1,1.49174
1,0.896062
1,-1.35113
1,2.91289
1,2.14807
1,-4.55174
1,-0.179748
1,0.535612
1,-3.46672
1,3.1006
1,2.32156
1,2.18479
1,-4.11281
1,-2.70075
1,-2.85559
1,3.36241
1,-2.92515
1,-2.40814
1,-1.55903
1,-2.16757
1,-3.11817
1,-2.66403
1,-1.70165
1,-4.37171
1,-1.89469
1,-2.61649
1,-3.87809
1,1.72301
1,3.11331
1,2.13877
1,3.45806
1,-2.00986
1,1.12732
1,2.3194
1,0.58622
1,3.0136
1,2.47687
1,4.3208
1,-3.45109
1,-2.73821
1,2.04786
1,4.73359
1,0.975016
1,3.0708
1,-3.16259
1,1.64241
1,2.84735
1,-2.16776
1,-2.68514
1,3.60564
1,1.20635
1,-3.9408
1,-3.27993
1,-1.13576
1,-1.20013
1,-2.59627
1,-2.57954
1,-2.3157
1,-2.93965
1,-1.69273
1,0.787548
1,2.22052
1,0.880976
1,-4.52589
1,-2.19633
1,-2.12382
1,3.39713
1,3.286
1,-3.61303
1,-2.42727
1,4.41439
1,-1.72943
1,2.76478
1,-1.00742
1,3.2815
1,-1.86403
1,-5.02982
1,3.71212
1,2.83835
1,-2.58382
1,1.54259
1,-4.23814
1,-1.71851
1,-1.43245
1,2.4432
1,-3.92025
1,3.35606
1,1.41866
1,-1.9737
1,1.33728
1,-2.68425
1,2.63586
1,-2.14301
1,-1.69012
1,-4.54565
1,-2.67704
1,1.76168
1,2.93609
1,2.44561
1,-2.23018
1,3.05201
1,-1.85899
1,3.00702
1,-4.58673
1,3.47403
1,1.5016
1,-2.6361
1,0.867119
1,-2.73912
1,-3.4675
1,-2.31406
1,2.1627
1,2.30806
1,-3.11147
1,-1.87823
1,-2.81885
1,0.622171
1,-2.22096
1,-2.08634
1,-3.72042
1,-2.7442
1,1.57583
1,2.45461
1,3.23788
1,-3.52453
1,-2.3302
1,-3.37478
1,3.45695
1,-2.75676
1,-3.55915
1,2.21219
1,-2.98917
1,-0.423441
1,2.51448
1,-1.91729
1,2.52375
1,-1.60235
1,-2.82368
1,2.52952
1,3.09726
1,-4.26293
1,-2.16238
1,-2.94713
1,2.91395
1,-3.34431
1,-3.7713
1,-2.85948
1,3.82016
1,-2.71408
1,2.73546
1,-3.4619
1,2.531
1,-3.03544
1,1.61196
1,3.05207
1,2.16324
1,3.4212
1,3.94057
1,3.61171
1,-2.61896
1,3.48627
1,-0.0587673
1,-2.27991
1,-3.28736
1,-2.34745
1,-1.8849
1,-3.32968
1,3.43286
1,-2.28461
1,2.77186
1,2.423
1,1.92896
1,-3.18177
1,1.21036
1,3.80877
1,3.20981
1,4.04475
1,-1.96455
1,-1.30238
1,-1.10357
1,1.82537
1,-2.78596
1,-2.1198
1,2.96897
1,4.02303
1,-1.73765
1,-3.6411
1,3.182
1,2.84348
1,-3.1709
1,2.54162
1,3.63444
1,-2.20779
1,-3.55578
1,2.9063
1,-3.32986
1,2.76055
1,-2.44719
1,-3.41965
1,3.70666
1,1.25943
1,0.16652
1,-2.6684
1,3.97537
1,-2.91627
1,-2.87633
1,3.2401
1,4.86446
1,-2.13395
1,3.60194
1,-3.93262
1,2.21682
1,-3.54103
1,-3.69952
1,-3.28305
1,2.74661
1,3.83855
1,-3.67048
1,-2.53262
1,2.77496
1,-3.16358
1,2.99957
1,0.937752
1,-3.96364
1,-2.61472
1,2.17509
1,-1.90731
1,2.79158
1,1.82144
1,3.04178
1,1.34223
1,2.53865
1,2.2956
1,1.49963
1,-3.9626
1,3.51543
1,-3.76147
1,2.02196
1,-2.4153
1,1.90014
1,-0.98603
1,-2.50593
1,4.31697
1,-3.2207
1,2.71195
1,-4.93496
1,-1.59467
1,-0.563258
1,-1.62232
1,0.246238
1,2.17318
1,-2.21091
1,2.44468
1,2.07325
1,-2.68789
1,1.24653
1,1.44897
1,0.683517
1,1.93679
1,-3.70379
1,-0.131984
1,2.33222
1,-4.01619
1,-1.96222
1,2.74774
1,2.9915
1,-1.65589
1,-3.12472
1,2.39854
1,-2.03694
1,-0.809065
1,4.04278
1,4.19406
1,0.255659
1,-3.3368
1,2.39005
1,2.21225
1,4.01015
1,5.07136
1,-2.11432
1,-2.0373
1,1.06929
1,2.94454
1,-2.36072
1,-2.69348
1,-1.95668
1,3.62447
1,2.74794
1,-4.01531
1,-0.791194
1,1.00971
1,-2.16018
1,4.12801
1,0.26498
1,5.18017
1,4.50984
1,1.25262
1,-1.75139
1,2.94954
1,0.551186
1,2.67319
1,4.40301
1,2.61942
1,-1.97917
1,-3.76465
1,-3.77854
1,-1.14321
1,-2.82865
1,2.53231
1,1.49944
1,2.27993
1,1.23806
1,-0.886825
1,-0.777774
1,2.21419
1,-2.49271
1,-2.02974
1,-3.14221
1,3.34435
1,1.72605
1,2.38831
1,3.67277
1,-1.46473
1,2.92448
1,2.44921
1,2.3405
1,3.61191
1,4.23882
1,3.72503
1,-1.69604
1,0.901689
1,-3.35139
1,3.8943
1,-2.65992
1,-3.65883
1,2.4168
1,0.00919267
1,-0.746357
1,2.63714
1,4.42271
1,1.85411
1,1.58836
1,-3.14919
1,1.40905
1,2.40446
1,2.97608
1,-3.6358
1,-1.52628
1,-3.61525
1,-1.1704
1,-2.75444
1,-1.34054
1,1.6892
1,-2.2794
1,-2.57281
1,0.871771
1,2.49862
1,1.47391
1,2.29785
1,1.55848
1,-2.52913
1,2.35233
1,-1.92143
1,2.08394
1,1.08713
1,-2.82123
1,-3.98163
1,2.47914
1,-2.30425
1,-3.05506
1,-4.14019
1,-0.851959
1,-0.889889
1,4.65393
1,3.42792
1,-0.710003
1,-2.10637
1,4.04345
1,-3.04795
1,-2.25757
1,1.58525
1,-2.40222
1,1.95832
1,-3.87569
1,-1.93261
1,2.00137
1,-1.55922
1,4.00258
1,3.55671
1,-3.38701
1,0.40963
1,2.83616
1,3.06044
1,4.03217
1,1.80476
1,1.66088
1,-0.935214
1,2.61566
1,2.43609
1,-1.62464
1,-2.43859
1,-2.18513
1,-4.7213
1,1.59046
1,3.43461
1,-2.08476
1,-1.0245
1,3.05716
1,-2.71349
1,3.40498
1,-3.69276
1,2.30097
1,2.54838
1,1.00531
1,1.4132
1,-2.12841
1,-0.473211
1,2.37071
1,3.19272
1,3.63159
1,-1.56468
1,0.905958
1,-1.52065
1,0.923221
1,2.12308
1,-1.8383
1,1.74799
1,-2.8376
1,-2.87885
1,4.1207
1,-1.03988
1,-3.24781
1,3.46892
1,3.39816
1,-4.47844
1,-2.34518
1,2.20687
1,5.01491
1,3.69561
1,-4.53189
1,-1.5227
1,-2.54076
1,-3.7472
1,-2.78708
1,2.13162
1,2.99593
1,3.82878
1,-1.54525
1,3.31651
1,4.4086
1,0.500206
1,-2.04822
1,-1.83612
1,-4.10041
1,2.0141
1,-2.68521
1,-2.62309
1,1.15387
1,1.97264
1,4.0365
1,-2.18663
1,3.12367
1,2.92811
1,3.56945
1,3.18869
1,1.28044
1,-3.32038
1,-2.46821
1,2.9607
1,-3.68194
1,-2.64146
1,2.03031
1,-0.0267609
1,1.79448
1,3.17109
1,2.432
1,2.49968
1,3.29674
1,-1.25108
1,1.21363
1,-1.5081
1,3.23856
1,3.15775
1,3.3756
1,2.67926
1,-1.23315
1,-3.25501
1,2.04455
1,3.11282
1,1.29772
1,3.3602
1,-3.32074
1,-1.27618
1,2.84814
1,2.1034
1,1.43244
1,-0.294404
1,-1.89223
1,2.07424
1,0.984564
2,1.18197
2,-3.70458
2,3.32576
2,-3.33974
2,-1.48205
2,-0.231248
2,2.0985
2,-4.38404
2,-2.64283
2,-2.9552
2,3.17026
2,-2.41623
2,-3.62452
2,2.34893
2,-1.81187
2,3.09974
2,2.29073
2,-1.6586
2,2.67989
2,-3.10224
2,-2.26708
2,2.79376
2,-2.72555
2,4.15775
2,-3.09142
2,-1.07191
2,4.16126
2,3.32465
2,-3.72062
2,-2.1056
2,1.58842
2,2.77924
2,-3.19061
2,0.262084
2,1.86472
2,3.83842
2,-1.96975
2,-4.0007
2,-3.34657
2,-1.62758
2,-2.84787
2,-4.77229
2,1.98339
2,-1.82558
2,-1.78945
2,-2.28891
2,3.9065
2,0.861418
2,3.68601
2,-2.60818
2,0.0153814
2,-0.619472
2,-2.98447
2,-3.11605
2,1.97956
2,-2.68707
2,3.94246
2,-2.95172
2,-4.25838
2,1.91791
2,-4.16744
2,2.02133
2,-3.27024
2,-3.61338
2,-2.07389
2,-1.73575
2,2.53838
2,-2.11196
2,3.7274
2,2.68814
2,3.22249
2,3.64776
2,-3.40142
2,2.90994
2,2.56044
2,2.34904
2,-0.719409
2,-1.4722
2,-2.26175
2,-2.39507
2,2.8213
2,-2.94948
2,-5.31557
2,-2.70014
2,-2.44727
2,3.43482
2,0.285044
2,3.32361
2,3.23068
2,1.64114
2,-1.99204
2,-3.22567
2,2.05275
2,-0.997446
2,2.2386
2,3.03533
2,2.53128
2,-2.92494
2,2.00885
2,-0.715735
2,2.06543
2,-2.52745
2,-1.83273
2,1.48412
2,2.11493
2,2.39002
2,-2.95979
2,-1.69129
2,1.49849
2,1.46494
2,-2.69291
2,-2.51843
2,-3.08123
2,-1.77631
2,-3.02347
2,-3.6569
2,2.00829
2,2.31326
2,-2.08984
2,1.97662
2,2.43434
2,1.35248
2,1.33767
2,0.219448
2,-1.3545
2,-2.33095
2,-1.64663
2,3.63523
2,1.86364
2,4.66399
2,2.87154
2,2.40922
2,-3.52425
2,1.95511
2,-1.10005
2,2.77438
2,-1.76841
2,1.84101
2,2.32346
2,-2.78419
2,-1.88483
2,2.80479
2,-3.96697
2,-3.55603
2,-2.44488
2,-3.55347
2,1.66738
2,-3.19437
2,3.84432
2,-2.51549
2,-2.29401
2,1.54406
2,-3.23623
2,-1.49223
2,-5.20316
2,-2.31484
2,-2.60495
2,1.61434
2,2.80084
2,3.40049
2,2.78774
2,3.25882
2,2.369
2,2.31948
2,-2.10726
2,-3.76775
2,3.32244
2,-3.67693
2,-3.67911
2,-1.79965
2,1.60863
2,2.48289
2,-3.91452
2,-2.64135
2,-3.24562
2,1.68449
2,-2.92612
2,-3.23879
2,4.06942
2,-3.387
2,-2.01239
2,-2.35586
2,2.25222
2,-2.6075
2,2.13368
2,-1.2881
2,-2.0996
2,-3.43158
2,1.4002
2,3.03971
2,4.21431
2,2.82083
2,-2.33152
2,4.1981
2,3.42042
2,-2.49055
2,0.941403
2,1.06477
2,1.65148
2,3.39934
2,0.942653
2,-1.95828
2,3.02694
2,2.30727
2,-2.98543
2,1.99995
2,-2.42056
2,1.91974
2,-0.846083
2,-2.00624
2,-2.35693
2,-0.959064
2,-5.04265
2,1.739
2,3.4608
2,1.47183
2,-3.15378
2,2.35258
2,1.39695
2,3.24688
2,0.570051
2,1.74348
2,-2.07305
2,3.23326
2,-2.86166
2,1.17584
2,-2.15826
2,3.84183
2,-2.78527
2,1.78905
2,-2.54148
2,0.667015
2,1.49166
2,-2.52126
2,1.88106
2,3.19091
2,4.52506
2,3.92447
2,2.7017
2,3.29054
2,-3.32398
2,2.14942
2,4.23039
2,1.8002
2,-3.65305
2,1.70113
2,-2.34229
2,-4.63018
2,-2.40255
2,3.30613
2,-3.16602
2,2.32723
2,-0.542947
2,-3.99622
2,0.0764538
2,3.11631
2,2.3883
2,1.4645
2,-2.12146
2,-3.26081
2,-1.08586
2,1.67012
2,-3.32785
2,2.64505
2,-1.90994
2,-3.68982
2,-3.32923
2,-3.64183
2,-0.411436
2,3.47401
2,-3.78087
2,-3.77125
2,2.30137
2,-2.44598
2,2.24882
2,-1.00026
2,3.28924
2,-1.75429
2,2.28798
2,2.09435
2,-4.51168
2,-2.23863
2,-3.71914
2,4.06549
2,-3.46481
2,-4.66391
2,-3.54754
2,4.97732
2,-1.16584
2,3.20117
2,1.81901
2,-1.55151
2,2.63066
2,1.20055
2,1.83912
2,1.85168
2,-3.8485
2,-1.1352
2,3.45509
2,1.51883
2,3.47366
2,-1.19958
2,3.14377
2,-5.60392
2,-1.96788
2,-2.27574
2,5.06152
2,-3.15735
2,-1.03321
2,2.20735
2,-0.479228
2,4.19376
2,-3.7041
2,-1.4889
2,-2.12463
2,3.08123
2,-2.17261
2,-2.78811
2,-3.29436
2,2.25487
2,5.43316
2,-2.31813
2,0.825708
2,-1.61997
2,-2.56227
2,1.53542
2,2.91565
2,1.42927
2,1.56202
2,0.165893
2,-3.55175
2,-3.24552
2,-2.26104
2,1.78453
2,-2.33213
2,2.43819
2,-3.16456
2,-3.76594
2,2.56466
2,2.94176
2,-2.67397
2,-3.43166
2,3.64867
2,-2.41513
2,-2.14614
2,-1.81906
2,1.88222
2,2.15532
2,-1.45765
2,-2.94161
2,-3.09241
2,-2.75433
2,2.29759
2,-2.26094
2,1.14364
2,-1.34946
2,3.10842
2,-2.27277
2,-0.877595
2,1.63843
2,-2.45961
2,-2.71681
2,1.65451
2,-2.19534
2,1.59959
2,3.5378
2,-2.21742
2,-1.02191
2,2.62922
2,2.16168
2,-2.58488
2,1.03312
2,1.83589
2,1.26264
2,1.67394
2,-3.86102
2,1.80075
2,-3.61375
2,0.995217
2,-2.00508
2,2.55369
2,-2.664
2,1.85767
2,-2.35509
2,2.42335
2,-2.64556
2,4.40739
2,2.18152
2,-3.4862
2,1.89478
2,3.61515
2,2.74772
2,3.37908
2,3.4394
2,0.541574
2,2.70931
2,3.13039
2,-2.41867
2,2.55776
2,2.98745
2,3.19842
2,2.07999
2,2.78711
2,3.25145
2,-1.8286
2,1.89054
2,-2.90669
2,-1.30402
2,-3.32824
2,-2.8625
2,3.10958
2,-3.05295
2,2.99282
2,-1.09118
2,2.29896
2,1.68712
2,-1.36167
2,-2.27527
2,-2.85073
2,-4.70724
2,-2.54606
2,-2.83707
2,2.43933
2,1.83895
2,-1.88849
2,-0.255128
2,-3.35752
2,-3.21657
2,3.89206
2,-3.16581
2,0.313079
2,-2.49273
2,1.61757
2,-2.90227
2,2.55531
2,-4.99778
2,2.42693
2,-4.71491
2,-2.04658
2,1.85208
2,-2.74535
2,-3.17243
2,0.698332
2,-2.3625
2,-3.99747
2,1.88588
2,3.70116
2,2.95726
2,3.52009
2,-1.83363
2,3.00745
2,-2.06302
2,1.2434
2,-1.70936
2,-2.39426
2,-2.9251
2,1.8958
2,2.66989
2,-2.27499
2,3.38094
2,-1.47958
2,0.873914
2,1.37079
2,-4.8998
2,-2.02938
2,2.70195
2,-4.05372
2,2.93815
2,2.42617
2,2.46704
2,-1.72063
2,-3.46638
2,-2.30787
2,2.07018
2,-0.565126
2,-4.18365
2,1.15441
2,1.96673
2,-3.05769
2,-1.63682
2,-1.4282
2,0.352735
2,-1.52073
2,2.29286
2,3.55697
2,-1.96404
2,-1.96415
2,3.26377
2,-1.87091
2,-4.05978
2,2.87696
2,2.85087
2,-4.6578
2,2.60762
2,1.33998
2,1.14209
2,-2.72081
2,-2.35774
2,0.306543
2,-3.48897
2,-2.49169
2,1.16821
2,3.15476
2,2.09555
2,3.83496
2,2.40683
2,-1.39975
2,2.47187
2,-2.90554
2,-1.26978
2,1.42371
2,-4.2194
2,2.62556
2,3.57343
2,-3.89964
2,-2.868
2,1.07949
2,3.44684
2,-2.68145
2,-3.83998
2,-3.84866
2,2.06257
2,-2.46078
2,-3.06889
2,-1.93272
2,3.43721
2,-1.3314
2,-1.05622
2,-3.16853
2,-4.41201
2,2.75335
2,-3.52019
2,2.56176
2,-2.45898
2,-0.467865
2,-1.7217
2,2.72994
2,3.0867
2,-1.39262
2,2.21053
2,2.57027
2,2.79531
2,-3.13112
2,-2.84046
2,2.68322
2,3.13199
2,-3.76707
2,-3.46624
2,3.89088
2,-1.25412
2,-2.75922
2,-2.32788
2,2.23498
2,-3.43423
2,2.86782
2,-3.08264
2,1.71844
2,1.43715
2,1.93601
2,2.92089
2,-2.52627
2,1.7266
2,2.65889
2,-2.9142
2,3.68015
2,2.88621
2,3.40102
2,2.79947
2,1.97402
2,-0.894321
2,3.05412
2,2.43907
2,-2.31313
2,-1.87216
2,-3.23625
2,1.66789
2,2.65385
2,-2.92692
2,2.09846
2,3.91944
2,0.921914
2,-2.17562
2,1.88069
2,-4.29031
2,-2.24677
2,-3.35858
2,3.01269
2,-2.78418
2,-3.55789
2,1.79674
2,1.64846
2,2.42027
2,-1.5008
2,-2.01692
2,3.30131
2,-0.355042
2,-3.47788
2,-1.44201
2,-0.228484
2,2.77541
2,0.518828
2,-2.60233
2,-3.94593
2,-3.90513
2,-2.90718
2,0.624364
2,1.53703
2,-3.02117
2,-4.03945
2,1.97768
2,3.13816
2,1.90832
2,-1.9603
2,2.76657
2,-2.02425
2,-2.4334
2,-3.40091
2,-3.17178
2,2.58874
2,2.61908
2,0.582407
2,-4.24193
2,3.49337
2,2.30568
2,0.478434
2,-1.66635
2,2.33239
2,3.61879
2,0.841322
2,-1.97327
2,4.72614
2,-1.10305
2,3.31921
2,1.59647
2,2.36304
2,-1.34592
2,1.12153
2,-2.20178
2,1.34863
2,-0.85855
2,-1.8929
2,-4.13531
2,4.20588
2,3.94724
2,4.227
2,-1.98902
2,-2.02847
2,0.928346
2,3.90599
2,-1.64988
2,3.01348
2,-4.73321
2,3.05804
2,-2.59201
2,-2.21085
2,-3.15165
2,-3.97114
2,1.08394
2,-1.57722
2,-3.1741
2,-5.80426
2,-1.63955
2,0.36166
2,0.545624
2,0.89352
2,-2.12412
2,2.58364
2,-1.65116
2,-0.425551
2,-2.13322
2,2.17177
2,-2.33103
2,-2.78428
2,-3.1259
2,3.13699
2,-2.18284
2,-0.365307
2,1.46614
2,2.79025
2,2.8879
2,-3.37356
2,-3.14553
2,3.13687
2,-3.66547
2,2.66424
2,1.7258
2,-2.47684
2,2.01949
2,1.4835
2,-2.9988
2,-2.75155
2,-4.20649
2,2.18993
2,-3.53547
2,-3.25437
2,-1.3319
2,3.31872
2,-0.827252
2,0.740555
2,2.43442
2,-2.66606
2,-3.60782
2,-2.55247
2,2.57832
2,1.65533
2,2.51651
2,0.988252
2,-0.492545
2,-3.44749
2,-2.36103
2,3.14212
2,3.69381
2,2.64241
2,-4.84321
2,3.1406
2,-3.07138
2,-2.17884
2,-4.54681
2,3.43699
2,2.02833
2,-1.70828
2,-3.94526
2,-2.35086
2,1.77482
2,-2.54873
2,2.98034
2,2.97505
2,-2.49924
2,-1.30768
2,-2.18136
2,-2.07798
2,-4.08042
2,-2.38973
2,-3.12313
2,-2.58065
2,-1.14408
2,2.8423
2,2.11558
2,-3.85309
2,4.15
2,-3.01686
2,2.80978
2,3.58674
2,-1.82839
2,-0.836629
2,-1.69294
2,-3.06684
2,-1.29058
2,3.88167
2,-1.7552
2,-1.22109
2,-1.7294
2,3.13969
2,-3.66459
2,1.54579
2,-1.88466
2,3.54346
2,3.46815
2,-2.9495
2,-3.4588
2,-3.15905
2,-1.42069
2,3.01371
2,-1.90623
2,2.08826
2,-2.91124
2,-2.00109
2,2.61633
2,4.09575
2,1.5574
2,2.65553
2,-2.75032
2,-2.42608
2,3.60541
2,-0.941068
2,-0.723775
2,1.35487
2,-3.13934
2,-1.85179
2,-0.68749
2,2.25781
2,0.929548
2,3.69956
2,1.73541
2,-3.85367
2,-3.38269
2,-1.76859
2,1.43403
2,2.12187
2,1.38637
2,2.23554
2,4.34449
2,-1.39816
2,-1.46482
2,3.01246
2,-1.6424
2,2.3348
2,-3.5761
2,3.88105
2,-2.40637
2,2.86288
2,-4.33717
2,-1.28079
2,-2.08585
2,-1.50552
2,2.68108
2,-1.57918
2,-2.69416
2,0.762643
2,3.49272
2,-0.255898
2,2.56958
2,-2.23473
2,-2.12262
2,3.46645
2,2.99186
2,-1.57223
2,-2.37834
2,-3.02756
2,-2.60081
2,2.48013
2,3.61046
2,-1.63874
2,1.74261
2,3.7074
2,-1.16523
2,-1.80127
2,3.28118
2,2.32993
2,-1.41623
2,-2.68825
2,-2.03562
2,-3.98913
2,-0.741728
2,-2.96705
2,3.32621
2,0.947192
2,1.86417
2,-0.844256
2,2.48464
2,-2.53693
2,1.98884
2,2.51034
2,-1.98604
2,3.7324
2,2.14648
2,-3.1357
2,1.64684
2,2.84714
2,2.56079
2,-1.85425
2,1.70439
2,-1.23702
2,-2.57772
2,-2.7823
2,-2.87303
2,3.89905
2,1.71018
2,1.15275
2,-3.73387
2,-0.446475
2,-2.01938
2,-0.466106
2,-1.91291
2,-3.19742
2,3.49828
2,-2.50668
2,-2.41491
2,-2.14398
2,-1.79445
2,-2.20103
2,-1.07612
2,4.54344
2,-2.54029
2,-2.47948
2,4.44336
2,-2.1678
2,-1.9624
2,-0.618548
2,3.91563
2,2.58966
2,-1.9971
2,2.4564
2,2.8345
2,3.9775
2,-0.859626
2,-2.16021
2,1.79245
2,1.46759
2,1.69801
2,-2.80664
2,3.26142
2,-1.16315
2,-2.51194
2,-3.1547
2,1.93083
2,3.38775
2,2.6585
2,2.80891
2,-2.53521
2,-4.30361
2,1.69244
2,-2.5851
2,-1.09122
2,2.34892
2,-1.4505
2,0.970663
2,0.79071
2,-2.84439
2,-1.50862
2,2.42107
2,2.58989
2,-1.61248
2,3.10625
2,-0.630926
2,-2.90158
2,1.13863
2,2.31483
2,-2.62828
2,-2.68926
2,-3.09597
2,1.61879
2,1.23487
2,-1.83783
2,-3.37151
2,2.59184
2,-2.10402
2,-3.14635
2,-2.30224
2,3.06074
2,-4.39282
2,3.05218
2,2.01921
2,-4.67498
2,1.75295
2,-3.07176
2,2.20781
2,0.594386
2,-1.37063
2,-1.92878
2,-2.73015
2,2.53444
2,2.99742
2,-4.67054
2,1.47053
2,-3.07526
2,1.13323
2,-1.56325
2,3.5272
2,-4.15282
2,2.24268
2,-3.07142
2,-2.82271
2,3.40876
2,-3.087
2,-1.47425
2,-2.82927
2,-1.75504
2,2.75302
2,3.34207
2,2.43332
2,-1.15256
2,1.73183
2,-2.53508
2,-1.76466
2,-2.73092
2,3.11493
2,2.7956
2,-2.56701
2,-2.89643
2,-2.71363
2,-3.76766
2,-1.36465
2,-3.00366
2,-5.20839
2,2.39882
2,-1.82666
2,2.07601
2,1.94991
2,3.49613
2,1.11704
2,1.10596
2,-3.08576
2,2.57097
2,-0.293025
2,2.38393
2,3.97808
2,-1.71873
2,2.39176
2,3.67171
2,-2.12273
2,3.02795
2,-4.14532
2,2.40641
2,2.70628
2,3.30747
2,-3.0404
2,-1.87812
2,3.35188
2,1.80886
3,2.84643
3,-3.14523
3,-0.852148
3,2.43027
3,-1.95613
3,-0.732093
3,-2.45442
3,-4.10835
3,-0.49227
3,-2.79173
3,-1.15545
3,-3.25189
3,-2.64123
3,2.59735
3,-1.77802
3,-1.77627
3,3.84922
3,-1.5938
3,-2.48549
3,-1.87261
3,-1.24352
3,-1.52276
3,-2.16264
3,-1.95141
3,-2.01447
3,1.41737
3,-3.07016
3,-0.904657
3,1.86707
3,2.29626
3,-3.18717
3,-3.07853
3,-3.29008
3,-2.99972
3,-2.03963
3,-3.41017
3,3.68059
3,-1.69958
3,0.639556
3,-2.03361
3,-2.35131
3,2.30847
3,-2.53994
3,-2.99685
3,-2.98239
3,-4.50124
3,-4.17782
3,-4.55394
3,3.42112
3,-4.66421
3,-2.33569
3,3.93108
3,-2.64469
3,-1.51816
3,-0.290733
3,-2.14147
3,-2.59889
3,-0.938369
3,-0.406516
3,5.4514
3,-1.48874
3,-4.74985
3,-2.91616
3,-3.21145
3,-3.38075
3,-3.86604
3,2.20373
3,2.43249
3,-4.13151
3,-1.63803
3,-3.28767
3,-3.74993
3,-2.82662
3,-3.62028
3,-2.59777
3,-1.92054
3,-1.59192
3,-4.10329
3,-4.99593
3,-2.52149
3,-1.73089
3,-3.64227
3,-1.48489
3,1.92257
3,-2.49742
3,-3.64113
3,4.48993
3,-3.79949
3,-2.52353
3,-3.3882
3,-3.5853
3,-1.50481
3,-1.87374
3,-3.29799
3,3.18379
3,2.95198
3,2.97295
3,1.2688
3,-1.47631
3,-1.50278
3,-3.65691
3,-3.17752
3,-2.48185
3,-3.52573
3,-2.73345
3,-3.04163
3,-1.43224
3,2.60007
3,-3.71966
3,1.37234
3,-2.40621
3,-2.32326
3,-1.8481
3,-1.42576
3,-2.07943
3,-1.84857
3,-2.53548
3,-1.6264
3,-3.10499
3,-4.43457
3,-2.43402
3,-0.482363
3,3.02989
3,-1.13223
3,-2.41961
3,-1.95
3,-4.11031
3,-2.39102
3,-0.196414
3,-1.66106
3,-1.80491
3,-1.62041
3,-2.42968
3,-1.23201
3,2.48176
3,-2.36029
3,-3.7148
3,-1.8807
3,1.19232
3,-1.38979
3,-3.45044
3,-1.94342
3,-2.40633
3,-2.21084
3,-2.59129
3,-2.1759
3,-2.27489
3,-3.15421
3,-0.934923
3,-1.65772
3,-4.60835
3,-3.47938
3,-3.66484
3,-3.65368
3,-2.71518
3,-2.50101
3,-2.17349
3,-2.25234
3,2.69196
3,-2.16543
3,-3.23878
3,-3.13588
3,-2.24056
3,-2.38607
3,-3.36162
3,-2.33282
3,-2.99886
3,-0.579525
3,3.66199
3,0.954855
3,-1.67523
3,-3.12597
3,0.158603
3,-1.55696
3,-0.995789
3,-2.49305
3,2.9121
3,2.64286
3,-2.49466
3,-1.09902
3,2.31263
3,3.36795
3,-2.35043
3,-0.395851
3,-4.42581
3,-2.58069
3,3.93712
3,-2.539
3,-3.53867
3,-2.60144
3,1.70141
3,-4.62039
3,-2.98042
3,1.72284
3,-1.74021
3,-3.04968
3,-0.817517
3,-2.2526
3,1.45852
3,1.75705
3,-0.659309
3,-2.56867
3,-1.97869
3,-0.949484
3,-4.36488
3,4.28101
3,-2.35166
3,-3.80668
3,-2.12329
3,-2.2054
3,-2.7526
3,-3.56267
3,-0.746954
3,3.95024
3,-3.68522
3,-2.23659
3,-3.16352
3,-1.69709
3,-0.361975
3,-1.62329
3,3.81109
3,-3.34946
3,-2.82416
3,-2.83491
3,-1.16485
3,-1.55563
3,-3.16118
3,0.739276
3,4.87669
3,2.61792
3,2.99884
3,-3.02425
3,3.87607
3,-1.97331
3,-1.26322
3,-0.619043
3,-3.29151
3,-2.13005
3,-3.35273
3,-3.0002
3,0.691712
3,-3.02294
3,-2.94257
3,-3.4107
3,-3.80413
3,-0.302035
3,-2.75033
3,-0.874542
3,-3.34441
3,-2.67271
3,-3.15648
3,3.33815
3,-1.70326
3,-3.89423
3,-2.84656
3,-3.18512
3,-2.19187
3,-3.12261
3,-1.89568
3,-3.31462
3,-1.68173
3,-2.78708
3,-2.68214
3,-2.61732
3,-0.791499
3,-2.48458
3,3.63396
3,-2.10855
3,2.73997
3,-2.32117
3,-2.04205
3,-2.90068
3,-2.32486
3,-0.545042
3,-3.97308
3,-3.12155
3,2.17339
3,-4.8236
3,3.239
3,3.13402
3,-2.15377
3,2.8789
3,-2.40125
3,1.38037
3,-2.21031
3,-2.11067
3,2.43613
3,-2.04481
3,-3.02832
3,-2.81537
3,-2.91279
3,-2.18232
3,-4.09657
3,-2.05358
3,1.90728
3,-3.60095
3,-3.70957
3,-3.94831
3,-3.00312
3,-2.57757
3,2.22249
3,-4.4629
3,-2.40474
3,-3.57131
3,-2.50427
3,-2.19321
3,-2.74817
3,-2.87454
3,-3.47608
3,-1.93803
3,-1.82872
3,2.62743
3,-3.20138
3,-5.1094
3,1.14634
3,-2.40215
3,-2.50208
3,2.66999
3,-1.84522
3,-2.92326
3,3.35244
3,-1.90963
3,3.23911
3,-2.11383
3,-1.99605
3,-3.31248
3,-2.50189
3,-2.1103
3,1.36363
3,-4.53254
3,-2.02423
3,-2.59763
3,-2.53666
3,-3.17178
3,-2.20752
3,2.46747
3,-0.840276
3,-4.21193
3,-2.73889
3,-2.8486
3,-1.54748
3,-2.5438
3,-2.35246
3,0.74608
3,-2.1472
3,-2.95831
3,-2.11503
3,-2.07694
3,-1.56497
3,-1.68627
3,-0.826642
3,-3.26394
3,-0.734984
3,2.49425
3,-2.40099
3,-3.04612
3,-2.45335
3,-3.59096
3,0.571869
3,1.18579
3,-1.91658
3,-1.64725
3,-1.86358
3,2.51596
3,-1.85458
3,-1.77383
3,-2.44164
3,-0.439404
3,-3.57399
3,-1.77623
3,3.38783
3,-3.64501
3,-2.66964
3,2.10352
3,-3.53098
3,-1.28036
3,-2.46315
3,-2.29694
3,-3.17357
3,-2.96258
3,1.96319
3,-2.04246
3,-1.526
3,-1.55163
3,1.98992
3,-2.28971
3,3.54158
3,2.71085
3,-1.48459
3,1.76675
3,-1.93355
3,-0.981602
3,-1.16565
3,-0.0265707
3,-3.0038
3,-2.36621
3,-1.9443
3,-3.76597
3,-1.64932
3,1.72153
3,-3.33113
3,-2.94955
3,-1.94566
3,2.65643
3,-3.08056
3,-2.67392
3,-3.28801
3,-1.20352
3,-2.17263
3,-4.08478
3,-3.59535
3,-3.19086
3,-4.11862
3,-4.09188
3,-2.93776
3,-2.0583
3,-2.60741
3,-3.23149
3,-3.41132
3,-2.56712
3,-1.2277
3,-2.72054
3,-1.96297
3,-0.991884
3,-0.992354
3,2.00187
3,3.93204
3,-1.80698
3,-1.174
3,-2.36313
3,-1.46524
3,-2.92262
3,-2.48239
3,0.905806
3,2.16127
3,-2.70399
3,-2.34894
3,2.88754
3,-0.839688
3,-2.605
3,-2.71356
3,-1.89921
3,-1.0495
3,-2.69523
3,-2.33783
3,-3.03048
3,-2.2593
3,-1.3073
3,3.21197
3,-1.87178
3,-0.119934
3,-4.93205
3,-2.70701
3,-1.79646
3,-1.97653
3,2.0916
3,-1.13196
3,-1.87896
3,-2.1764
3,-1.94233
3,-3.03199
3,-3.15259
3,-0.554421
3,-2.53865
3,-1.3234
3,2.57312
3,1.56731
3,-2.04348
3,-0.965993
3,2.44611
3,-3.79137
3,-0.619426
3,0.349071
3,-3.46244
3,-2.20767
3,-4.11602
3,-2.34165
3,-3.64944
3,-1.1591
3,-4.7248
3,-3.00799
3,-1.97969
3,-3.63508
3,1.27795
3,-2.90339
3,-3.36068
3,-2.77948
3,-2.27424
3,-2.35414
3,-3.15333
3,-2.61333
3,3.53042
3,-3.39083
3,-2.21483
3,-0.613638
3,-1.68226
3,-2.81772
3,3.09744
3,-3.80563
3,-3.20003
3,0.300803
3,0.00886097
3,-3.30647
3,-0.747704
3,-3.15757
3,-3.14416
3,-1.8957
3,-4.10253
3,-3.48497
3,-2.41589
3,-3.73885
3,3.69116
3,-2.57348
3,-2.29468
3,-1.64714
3,-3.04384
3,-1.65151
3,2.13717
3,-2.64417
3,-2.86994
3,-2.34713
3,0.723146
3,2.96034
3,-1.48956
3,-3.48335
3,-3.43509
3,-3.00899
3,-3.48703
3,2.06024
3,3.87345
3,-2.86976
3,-1.9906
3,-2.51733
3,-1.30309
3,3.6757
3,1.60967
3,-0.175313
3,-1.7867
3,1.461
3,-2.85472
3,-3.57695
3,-3.9095
3,-1.36756
3,-1.18332
3,-1.70097
3,-1.12973
3,-2.55505
3,-1.93867
3,-1.68265
3,-2.82979
3,-1.69017
3,-1.12423
3,-2.59087
3,2.36463
3,-1.41522
3,-4.11783
3,-2.90333
3,-2.89834
3,-2.6952
3,-2.0327
3,-2.36895
3,-4.40081
3,-2.43425
3,-3.35963
3,-1.50312
3,-3.00177
3,-2.26477
3,-1.89862
3,1.82178
3,2.28369
3,-2.51251
3,-2.2805
3,-2.41537
3,1.93944
3,-3.85212
3,-2.47021
3,-1.84811
3,-2.84687
3,2.94681
3,-2.12604
3,-1.49614
3,-3.55524
3,2.09565
3,-2.95463
3,-2.98495
3,-3.7114
3,3.18765
3,1.98778
3,-2.46492
3,-2.88886
3,-1.73429
3,0.69517
3,3.66042
3,4.22305
3,2.63411
3,-1.04423
3,-2.75578
3,-2.66698
3,3.10807
3,-1.80664
3,2.84718
3,-1.35779
3,-1.92683
3,2.63792
3,-2.85895
3,-3.11753
3,-4.16648
3,-1.85627
3,3.161
3,-2.35877
3,-1.09606
3,-2.97793
3,-3.5842
3,4.03265
3,-1.39453
3,-1.8614
3,-3.73515
3,-3.04064
3,2.64479
3,-1.12569
3,-2.21454
3,3.06254
3,-3.03161
3,-2.26162
3,-1.93806
3,-2.89853
3,3.29591
3,-2.23179
3,-2.77165
3,-4.44871
3,-5.08155
3,3.30043
3,3.48346
3,-2.20002
3,-3.05336
3,-3.54845
3,-2.60959
3,-2.63997
3,-1.68034
3,-1.62467
3,-1.57279
3,-2.54447
3,-1.41183
3,4.10664
3,1.40429
3,-2.99289
3,2.35619
3,-2.73489
3,-1.02204
3,-2.17594
3,-2.09104
3,-2.83593
3,-4.59688
3,3.44772
3,-3.34807
3,-1.84941
3,-1.97474
3,-4.1489
3,-2.92632
3,-2.4277
3,-2.99779
3,3.71596
3,3.56819
3,-0.963204
3,-3.09667
3,-3.41247
3,3.45394
3,-1.98608
3,2.9393
3,-4.56176
3,-2.14144
3,-2.51072
3,-2.49572
3,-3.76775
3,-2.8527
3,-3.05842
3,-2.63936
3,-0.457668
3,-2.90541
3,-2.84611
3,-3.33482
3,3.11465
3,-2.80394
3,3.79702
3,1.65466
3,-2.50827
3,-2.39501
3,2.29385
3,-1.38136
3,-2.39243
3,-1.16422
3,-2.81925
3,-0.412971
3,-1.43769
3,1.10348
3,-3.23467
3,3.41967
3,-3.51663
3,-3.46522
3,-3.28877
3,3.56686
3,-3.23554
3,-2.11124
3,-2.81041
3,-1.52714
3,0.0713875
3,2.76681
3,-0.404548
3,-4.93021
3,-3.87775
3,-2.8956
3,0.617317
3,-2.35934
3,-0.87705
3,1.86857
3,-1.23
3,-1.26755
3,3.52301
3,-1.75458
3,-3.76666
3,2.00018
3,-2.86406
3,2.06208
3,-1.27343
3,-2.22581
3,-2.2598
3,-2.34001
3,-5.09719
3,-2.38165
3,-2.41881
3,0.0100718
3,-3.60413
3,-0.792338
3,3.0154
3,2.03856
3,-3.5456
3,2.70253
3,-1.38326
3,-3.68812
3,1.90654
3,2.18313
3,-3.66833
3,-2.64829
3,-2.34383
3,3.49958
3,-3.8587
3,-2.88463
3,1.74907
3,-2.76652
3,-1.1132
3,-2.80955
3,-3.17521
3,2.78356
3,-2.8913
3,-2.84495
3,-1.45448
3,-2.79134
3,3.91487
3,-2.62771
3,-2.20268
3,-0.954332
3,-4.37309
3,-2.11491
3,-2.93657
3,-3.94474
3,2.35942
3,-3.79695
3,-1.96195
3,-0.866421
3,-3.79995
3,2.02558
3,-2.94861
3,-1.85423
3,1.88015
3,-0.504607
3,-4.22524
3,-1.02937
3,-2.50592
3,-2.76551
3,2.2791
3,-3.88
3,-2.4934
3,-3.61798
3,-1.54735
3,-3.44643
3,-4.113
3,-2.63277
3,4.15518
3,-3.57107
3,-1.93547
3,-1.89838
3,-1.45526
3,-3.53576
3,1.4389
3,-1.79588
3,-2.38143
3,-2.05091
3,2.29065
3,-2.67659
3,-3.24637
3,3.04884
3,2.69155
3,2.82828
3,-2.22113
3,2.22728
3,-2.92401
3,0.295522
3,-4.16311
3,-2.20559
3,-0.893229
3,-2.15704
3,-1.47579
3,-3.06466
3,2.84345
3,-2.93935
3,-1.50996
3,-2.82317
3,-2.01437
3,-3.08633
3,2.04409
3,-1.56554
3,-0.684349
3,-1.18406
3,-1.98189
3,-3.21127
3,-4.07687
3,-3.32586
3,-3.6544
3,-3.5405
3,-4.30539
3,-1.40803
3,-2.02722
3,-2.91843
3,-2.44054
3,-2.81096
3,-2.7571
3,2.47369
3,-2.70158
3,-3.48113
3,-2.12987
3,-1.99864
3,-3.09889
3,-2.49179
3,-2.39338
3,4.29128
3,4.1733
3,-1.93584
3,-2.06383
3,-1.57109
3,-3.1807
3,-3.97987
3,-2.51236
3,-0.966382
3,-3.52155
3,-2.11204
3,2.32046
3,-3.07198
3,-3.79756
3,4.04984
3,-2.70136
3,2.24667
3,-3.65718
3,-1.56466
3,0.581839
3,-0.885131
3,-2.65718
3,-3.34484
3,-3.82083
3,-2.2784
3,-1.51043
3,-1.96946
3,-0.635346
3,-3.15074
3,-2.16608
3,-1.89006
3,-2.49727
3,0.906735
3,2.1548
3,-0.239005
3,-2.70058
3,-2.36415
3,-3.21701
3,3.01752
3,-3.47098
3,-1.92198
3,-2.44793
3,-3.79401
3,-2.15717
3,-3.96057
3,-2.40118
3,4.24254
3,-3.92583
3,-4.34238
3,2.37726
3,1.96426
3,-3.2693
3,-2.60205
3,-1.4277
3,-2.60187
3,-0.703788
3,-3.23533
3,1.77626
3,-2.6173
3,-3.11851
3,3.40483
3,-3.3443
3,-3.25583
3,-1.01871
3,-1.81822
3,-3.93298
3,1.31327
3,-3.06874
3,-1.98867
3,-1.49203
3,-2.04517
3,-3.63731
3,2.46674
3,-2.95817
3,-1.63939
3,2.85057
3,-0.60556
3,-3.7927
3,-1.70381
3,-3.61723
3,-3.82399
3,1.43776
3,-1.27987
3,-2.6728
3,-2.72128
3,-2.63053
3,-3.01933
3,-3.1062
3,-2.4594
3,4.33482
3,2.04921
3,-3.33646
3,-3.138
3,3.13224
3,-1.86985
3,-3.62547
3,-2.56417
3,-1.56118
3,-3.26775
3,-2.25854
3,-2.78703
3,-1.78876
3,-2.05403
3,-2.87014
3,2.03742
3,-1.35689
3,-0.650128
3,-2.78188
3,1.23043
3,-3.36705
3,-2.4934
3,-2.90209
3,-3.1901
3,1.61908
3,-2.29132
3,-2.48095
3,-2.13669
3,-3.18179
3,-2.98546
3,-1.69999
3,-2.91876
3,-2.00719
3,3.35184
3,-4.06768
3,2.70284
3,-0.943646
3,-2.62483
3,2.69052
3,-3.51018
3,-2.68283
3,-1.58056
3,1.62212
3,3.88506
3,-2.13505
3,3.58643
3,-2.24115
3,-3.12139
3,2.52847
3,-2.69393
3,-2.32051
3,-2.78683
3,-2.91958
3,-4.16619
3,-2.19478
3,-2.12027
3,-1.17633
3,-2.60218
3,-2.80597
3,-0.526496
3,-1.89085
3,-5.10158
3,3.01822
3,-2.57645
3,3.55714
3,-2.46085
3,-3.59856
4,-3.51095
4,2.04567
4,3.76353
4,1.8194
4,-1.68938
4,-3.09829
4,1.64329
4,-1.8507
4,-1.81828
4,3.80322
4,-1.32545
4,-2.05173
4,-3.11096
4,-3.29983
4,-2.67371
4,-4.32824
4,-2.15632
4,-3.93353
4,-3.72174
4,-2.42387
4,-3.15543
4,-3.05358
4,-0.600372
4,-3.83579
4,-1.7627
4,-1.17363
4,-3.02554
4,-2.29171
4,-2.68911
4,-3.29429
4,-1.46572
4,-1.61972
4,-3.87186
4,2.45745
4,-1.65353
4,-3.40079
4,2.32099
4,2.41815
4,-1.70974
4,-1.30038
4,-3.60213
4,-2.09813
4,-1.99249
4,-3.57902
4,-2.83824
4,-3.55963
4,-1.62904
4,2.57429
4,-2.53293
4,-2.49811
4,-2.79251
4,-2.88495
4,-2.64939
4,-3.57691
4,-1.16513
4,-2.19126
4,-2.49421
4,3.27242
4,-1.34074
4,-2.89578
4,-2.25484
4,-0.189349
4,-1.54326
4,-2.22921
4,2.03231
4,-3.60376
4,-2.03098
4,-2.80027
4,-3.239
4,-1.82843
4,-2.34044
4,2.344
4,-1.41457
4,-3.27705
4,1.88449
4,-3.09869
4,-4.25988
4,4.95375
4,-2.97123
4,-1.49281
4,-4.11818
4,3.32542
4,-1.8374
4,-1.13926
4,-1.82475
4,2.3575
4,-4.47399
4,-3.68517
4,-0.218713
4,-3.97999
4,-1.98526
4,-4.87689
4,-2.03052
4,2.50879
4,-1.89339
4,-2.38859
4,1.97242
4,-1.78455
4,-3.43902
4,-1.57901
4,2.35673
4,-2.97982
4,-1.97585
4,2.2636
4,-2.18818
4,-2.14541
4,-1.96959
4,-0.983371
4,-2.99713
4,-2.02451
4,-1.67823
4,-2.96892
4,-3.32048
4,2.23
4,-1.5667
4,0.587842
4,-2.96315
4,-2.2244
4,-2.15056
4,-3.02478
4,3.94397
4,-1.82187
4,-2.10501
4,-3.14481
4,1.8534
4,-2.88791
4,-2.17328
4,2.2948
4,-2.5813
4,-1.28668
4,-3.0156
4,-2.86696
4,-1.79432
4,-4.45892
4,-3.49167
4,-2.81466
4,-2.31726
4,-2.02176
4,3.19219
4,2.32506
4,-1.23181
4,-1.80541
4,-1.85052
4,-2.2258
4,-2.78096
4,-2.88139
4,1.18923
4,-3.82898
4,-2.88146
4,1.9447
4,-3.39825
4,4.5527
4,-4.53306
4,-2.52194
4,-1.46935
4,-2.58209
4,-1.0258
4,3.06848
4,-3.27868
4,-1.34953
4,-2.7287
4,-2.57018
4,-3.4343
4,-1.17101
4,2.13423
4,-3.85509
4,-0.281823
4,-2.37694
4,-1.75455
4,0.0137297
4,2.77116
4,-4.34152
4,-1.98583
4,-2.50815
4,-0.637018
4,-2.74954
4,-1.45006
4,-3.14547
4,-0.493635
4,3.9929
4,-3.19164
4,2.02351
4,-1.12056
4,-1.8302
4,-2.62287
4,-2.24885
4,-2.88957
4,-1.91222
4,-2.12626
4,-2.33523
4,2.41984
4,2.26203
4,2.81868
4,-1.72243
4,-1.943
4,-2.56762
4,-1.7759
4,-1.31731
4,-2.7936
4,-1.97315
4,3.09186
4,-3.77186
4,3.14105
4,-3.42298
4,-2.17328
4,-2.03215
4,-3.53468
4,-2.42334
4,-1.25501
4,-2.86839
4,-3.47861
4,-2.70428
4,-1.47918
4,-2.80235
4,-1.73288
4,-3.62816
4,2.74272
4,-0.612536
4,-3.91089
4,-2.33004
4,-3.20367
4,-2.87548
4,-2.96995
4,-2.57929
4,-2.51711
4,-1.95645
4,-4.23351
4,-3.56156
4,-2.55884
4,2.06287
4,-4.124
4,-2.70182
4,-3.03658
4,0.705698
4,3.93135
4,-1.19763
4,-2.20706
4,-2.18136
4,-2.97396
4,-4.10877
4,-2.73966
4,-4.12301
4,0.28964
4,-0.781525
4,-1.77814
4,-4.10921
4,-2.94299
4,-2.31249
4,3.06821
4,1.36453
4,-2.8739
4,-2.45251
4,-2.65781
4,3.12552
4,-0.543054
4,4.163
4,-2.45703
4,-4.14225
4,2.35916
4,-2.47865
4,-0.785949
4,-2.19021
4,-2.90623
4,2.09868
4,1.92889
4,-2.13774
4,2.11374
4,1.09559
4,2.5956
4,-1.92299
4,-3.24634
4,-3.08491
4,-2.38619
4,-0.898623
4,-4.18538
4,-3.62136
4,-3.70638
4,-3.14115
4,1.76449
4,2.94587
4,-2.17503
4,-1.85308
4,3.6382
4,-3.66734
4,3.46039
4,-2.77578
4,1.91747
4,-3.06815
4,-2.17377
4,-3.48834
4,-3.14504
4,2.63221
4,-4.00003
4,-3.83392
4,-3.09358
4,-1.66973
4,-0.518702
4,-2.79906
4,-2.94117
4,-2.54707
4,-3.67748
4,-0.802042
4,-1.83244
4,-2.96556
4,3.06448
4,-3.63274
4,-4.00418
4,-2.98581
4,-2.19091
4,-1.79739
4,-1.54172
4,2.54732
4,-3.9313
4,-1.12501
4,-2.11816
4,-3.51136
4,-1.41314
4,-2.11301
4,-2.97943
4,4.11368
4,-1.72154
4,-2.70037
4,2.46433
4,3.45537
4,-3.1712
4,-2.85827
4,-3.1213
4,-2.72242
4,-0.627007
4,-2.92468
4,-3.07291
4,1.7414
4,-3.47849
4,-2.6039
4,-0.217336
4,4.31264
4,-3.24882
4,2.73245
4,2.61425
4,2.15983
4,-3.22024
4,-2.10197
4,-3.8592
4,-2.75714
4,-3.29707
4,-2.69411
4,4.37724
4,-3.04294
4,-3.25834
4,-2.09163
4,-3.92217
4,-1.31791
4,-3.70403
4,-3.76413
4,-3.80375
4,-1.52299
4,-3.23131
4,-1.67805
4,-2.19494
4,-2.45857
4,-4.27455
4,-1.62994
4,-1.74166
4,-2.0917
4,-2.81925
4,-3.15944
4,2.70468
4,3.58477
4,-5.00466
4,-3.36454
4,-1.8623
4,-2.52237
4,-2.22634
4,-2.14258
4,0.609279
4,-1.26078
4,-2.41842
4,-2.25734
4,-2.58978
4,-4.2607
4,-1.64502
4,-3.06089
4,-3.27316
4,-3.20499
4,-2.38829
4,-1.2954
4,-1.98479
4,-2.52707
4,-2.8675
4,3.37291
4,2.07478
4,-3.87303
4,-3.01606
4,-1.18461
4,-1.3619
4,-0.715524
4,3.22048
4,-3.96085
4,-1.4644
4,-2.22929
4,-3.18634
4,-2.36528
4,1.7492
4,-0.79203
4,-1.43468
4,-2.91838
4,-2.43693
4,-2.93114
4,-3.31075
4,-2.34549
4,-1.11247
4,-3.45361
4,-1.91516
4,-2.49145
4,-3.48352
4,-2.83718
4,-4.24713
4,-3.78777
4,-3.1736
4,-2.36804
4,-2.28107
4,-3.12828
4,2.56896
4,-4.025
4,-1.62925
4,-3.05685
4,1.44927
4,1.0523
4,-3.34335
4,-1.36057
4,1.4235
4,-2.20718
4,-2.23802
4,-4.30285
4,2.0785
4,-0.272168
4,-3.03685
4,-0.226177
4,-1.86374
4,-4.12499
4,-2.21128
4,-3.21349
4,-2.61522
4,-0.400369
4,-1.7058
4,2.67113
4,-2.15262
4,-2.47678
4,-2.08893
4,-2.95065
4,-2.48076
4,-3.19952
4,-0.728203
4,-3.11917
4,2.42794
4,2.44718
4,-2.04054
4,-2.15235
4,-3.06652
4,-1.81715
4,-2.49951
4,-2.46773
4,-2.80319
4,-1.69886
4,-0.893909
4,3.84024
4,-2.09029
4,-3.01588
4,-3.25588
4,-2.31981
4,2.44757
4,-1.92592
4,-1.2443
4,-2.52509
4,-1.94295
4,-1.51247
4,3.0565
4,-2.39428
4,2.44617
4,-1.38407
4,-3.25792
4,-3.06518
4,-2.63856
4,-1.22427
4,-2.50001
4,1.99565
4,-2.08011
4,1.80943
4,-2.69521
4,1.45152
4,-4.31686
4,-2.25387
4,-2.82363
4,-3.40411
4,-1.4414
4,-2.09992
4,4.54893
4,-2.95737
4,-3.52703
4,-2.39232
4,-1.23688
4,3.58493
4,-0.618359
4,2.631
4,-2.83057
4,3.81629
4,-2.46088
4,-2.62602
4,-1.88559
4,1.05252
4,-3.47289
4,1.04916
4,-2.31061
4,1.93202
4,-3.04712
4,2.12714
4,-2.18115
4,-2.11385
4,-0.711856
4,2.02278
4,-2.67593
4,4.44732
4,-3.57859
4,-3.91119
4,-1.89017
4,-0.585776
4,-1.86995
4,-2.24663
4,-1.07091
4,-4.64302
4,-3.66066
4,-3.2784
4,-4.00887
4,-2.75054
4,0.645695
4,4.31406
4,-1.57505
4,-2.67999
4,-4.8857
4,-4.02307
4,-3.03236
4,-1.88551
4,-2.6763
4,2.6099
4,-2.70582
4,-2.57004
4,-2.36082
4,-4.75509
4,-4.40853
4,-2.81651
4,2.79075
4,-0.975323
4,-2.37563
4,-1.47059
4,-3.11386
4,2.35713
4,1.98868
4,-1.78874
4,-2.62509
4,-2.03125
4,2.2654
4,-1.92835
4,-1.80265
4,3.03988
4,-3.23134
4,2.6019
4,-2.26854
4,2.89542
4,-3.08769
4,2.69989
4,-2.48232
4,2.49807
4,4.45771
4,-3.56553
4,-3.53932
4,-1.45847
4,-1.01747
4,-3.97993
4,-2.49901
4,-2.87357
4,-1.90283
4,-1.04961
4,-3.27295
4,-3.42892
4,-2.30544
4,-2.99811
4,-3.08764
4,-0.776396
4,1.4414
4,1.50221
4,-3.04547
4,-2.48473
4,-3.06537
4,-1.87271
4,-2.52751
4,1.98747
4,-1.67458
4,-3.49022
4,-2.94859
4,-2.70307
4,-1.99446
4,-0.301858
4,-1.35428
4,-3.46316
4,-1.01904
4,2.2776
4,-2.89659
4,2.21715
4,-2.08837
4,-1.86857
4,-1.80024
4,-3.05193
4,1.9852
4,-2.17397
4,-5.32224
4,-3.21371
4,-3.30039
4,1.77651
4,-2.64215
4,-5.19723
4,-0.0879533
4,0.0271156
4,-2.88843
4,-1.9921
4,-2.68579
4,-3.76622
4,-3.05299
4,-3.1756
4,-3.22124
4,3.11792
4,-3.77278
4,2.04625
4,-0.193181
4,2.49294
4,-2.18265
4,3.38314
4,2.22138
4,-2.01545
4,-2.64639
4,-2.91497
4,-0.813349
4,-1.00514
4,-3.65867
4,-3.22853
4,-3.52281
4,-4.05469
4,-1.92187
4,2.15635
4,-3.12372
4,-3.88747
4,-3.24551
4,-2.95296
4,-4.29464
4,-1.48123
4,2.10306
4,-1.64624
4,-2.08059
4,-2.32737
4,-3.77726
4,1.16896
4,-3.90278
4,-2.28734
4,-2.45877
4,-0.795883
4,-1.13857
4,-1.51718
4,-2.31384
4,-2.51089
4,-2.37302
4,-2.41727
4,4.30609
4,-0.83828
4,-2.71885
4,-2.64542
4,-3.95485
4,-2.67196
4,-2.91922
4,-2.45134
4,-4.41095
4,-2.94987
4,-2.32981
4,5.03027
4,-1.91442
4,-3.92348
4,-2.12062
4,-1.49553
4,-2.40642
4,-2.32671
4,-2.47463
4,-0.739354
4,-2.57782
4,-3.06289
4,-4.48857
4,-2.36578
4,-1.51281
4,-0.95819
4,-2.53465
4,-0.674088
4,-3.49111
4,-2.26901
4,2.71488
4,-2.85155
4,-2.91788
4,2.96435
4,-1.58511
4,2.84933
4,-2.92848
4,-2.36745
4,2.94426
4,-2.76771
4,-3.72178
4,-1.78531
4,-3.01296
4,-0.686284
4,3.02088
4,-3.47362
4,-2.20114
4,-3.05904
4,2.81198
4,-4.20141
4,-4.13463
4,-2.85292
4,-2.42061
4,-1.18895
4,-0.770318
4,-2.18
4,-3.3608
4,-1.97992
4,-1.59659
4,1.99584
4,-2.02858
4,-4.15419
4,-1.12075
4,-1.53571
4,1.18375
4,-1.25628
4,3.51324
4,-3.21967
4,-2.32101
4,-2.03242
4,-3.44582
4,2.95053
4,-2.49841
4,2.68722
4,4.61173
4,-2.09913
4,-3.12143
4,-5.12167
4,-3.70675
4,0.324709
4,2.41619
4,-3.34563
4,-3.25743
4,-3.95983
4,1.68542
4,-3.75542
4,-2.43416
4,-0.274213
4,-2.53917
4,-2.42483
4,2.75144
4,-1.26778
4,-1.92768
4,-2.79321
4,-1.44862
4,-1.60921
4,-1.08021
4,-2.15622
4,-3.11554
4,-1.44731
4,-2.66672
4,-1.94263
4,-2.30887
4,-3.42888
4,-2.80036
4,2.85776
4,1.09881
4,-2.85002
4,-2.8137
4,-2.31261
4,-2.92492
4,-3.0488
4,-2.11791
4,-3.12212
4,-1.94936
4,-3.12879
4,-2.23861
4,-2.28204
4,2.20884
4,2.65567
4,-3.4662
4,-3.06257
4,-2.49683
4,3.18742
4,-2.47048
4,-2.4133
4,-4.52676
4,-1.83449
4,2.9555
4,0.296245
4,-3.10158
4,3.5224
4,-2.38754
4,-2.44271
4,-2.47828
4,-1.57367
4,2.39743
4,2.13667
4,-2.62623
4,-2.13005
4,2.78166
4,-1.49003
4,-3.63629
4,-3.11296
4,2.5228
4,-2.58772
4,1.36467
4,3.12836
4,1.98114
4,-3.4066
4,-0.984075
4,-1.3884
4,-1.4439
4,-1.69141
4,-1.08882
4,-3.5192
4,-3.25913
4,3.1417
4,-2.13798
4,-0.841555
4,-1.81292
4,-2.29756
4,2.08268
4,2.98694
4,-1.80386
4,-0.795303
4,4.98644
4,-2.44586
4,3.47102
4,-2.77117
4,-2.55905
4,-4.24685
4,-1.83811
4,-0.838023
4,-1.55994
4,-2.53938
4,-3.04229
4,-2.91436
4,-2.54399
4,0.278267
4,-2.71397
4,-3.17065
4,-2.74107
4,-1.48891
4,-1.78868
4,-3.15693
4,2.92389
4,-1.76364
4,1.44459
4,-4.31238
4,-2.02814
4,-2.10098
4,-2.58419
4,-4.16364
4,-3.03306
4,-3.80739
4,2.94891
4,-3.3917
4,-3.28408
4,-3.58664
4,-3.22826
4,-3.32901
4,-3.01203
4,-1.54548
4,-2.72663
4,-1.66502
4,-3.10809
4,2.13865
4,-2.69362
4,-1.56595
4,-1.90121
4,-2.3061
4,-1.4518
4,-2.7092
4,-2.23236
4,-3.16469
4,1.79637
4,-2.45485
4,-3.31104
4,-4.29256
4,-2.82884
4,2.94362
4,-4.32029
4,-1.78987
4,-3.04132
4,-1.03622
4,-3.84202
4,-4.21796
4,3.00314
4,-1.39801
4,-1.58557
4,1.87478
4,-0.507511
4,-2.56817
4,3.21259
4,-1.91856
4,-4.68607
4,-3.18055
4,-2.41882
4,2.66022
4,-3.22406
4,-1.83287
4,2.64109
4,-2.56645
4,-2.30569
4,-1.68636
4,-3.25209
4,-4.35904
4,1.77404
4,-3.37475
4,-2.62756
4,-2.91401
4,-3.58468
4,-0.886371
4,0.917459
4,1.7605
4,-2.18514
4,-1.17164
4,-2.91896
4,-2.08848
4,-2.13325
4,-1.14288
4,-2.50408
4,-2.33689
4,-2.55543
4,-3.14936
4,-2.59722
4,-3.80838
4,-2.55017
4,-0.941482
4,-2.87625
4,-2.09248
4,1.17969
4,-3.83177
4,-2.5917
4,-2.58401
4,-2.30241
4,-2.46946
4,-3.31191
4,-2.78951
4,-2.3055
4,-4.85797
4,-1.51004
4,-2.29778
4,-2.43747
4,1.0172
4,-2.54906
4,-2.92585
4,1.98815
4,-2.51983
4,-2.39908
4,-2.50308
4,-3.74686
4,-1.98091
4,-2.10619
4,-3.25388
4,-0.986183
4,-1.83538
4,-2.21714
4,-0.800134
4,-4.15515
4,0.843628
4,-2.44974
4,1.30697
4,-2.16636
4,-2.76719
4,-2.84565
4,-1.76983
4,-0.190567
4,2.71721
4,-2.86388
4,-1.78776
4,-3.44032
4,-1.65686
4,-2.41297
4,-2.37329
4,-3.398
4,-1.70317
4,-1.3622
4,-3.0933
4,-4.69121
4,-1.48212
4,-3.08825
4,-3.25315
4,3.33645
4,-2.198
4,2.67633
4,-2.55396
4,-1.61483
4,-3.1682
